"baseline_sha","path","line","matched_terms","screening_category"
"94c9ad6c3539b8cd4cf6beb2ce1a4959713d2cfe",".github/copilot-instructions.md","110","KUB8;reward","documentation"
"94c9ad6c3539b8cd4cf6beb2ce1a4959713d2cfe","AGENTS.md","136","KUB8;reward","legacy-or-context-review"
"94c9ad6c3539b8cd4cf6beb2ce1a4959713d2cfe","assets/markers/svg/cl_v2_institution_10_l.svg","3","KUB8","legacy-or-context-review"
"94c9ad6c3539b8cd4cf6beb2ce1a4959713d2cfe","assets/markers/svg/cl_v2_institution_25_l.svg","3","KUB8","legacy-or-context-review"
"94c9ad6c3539b8cd4cf6beb2ce1a4959713d2cfe","assets/markers/svg/cl_v2_institution_99_l.svg","3","KUB8","legacy-or-context-review"
"94c9ad6c3539b8cd4cf6beb2ce1a4959713d2cfe","assets/markers/svg/mk_exhibition_featured_d_pro.svg","3","KUB8","legacy-or-context-review"
"94c9ad6c3539b8cd4cf6beb2ce1a4959713d2cfe","assets/markers/svg/mk_residency_subtle_d_std.svg","3","KUB8","legacy-or-context-review"
"94c9ad6c3539b8cd4cf6beb2ce1a4959713d2cfe","docs/FEATURES.md","56","KUB8","documentation"
"94c9ad6c3539b8cd4cf6beb2ce1a4959713d2cfe","docs/FEATURES.md","58","KUB8;reward","documentation"
"94c9ad6c3539b8cd4cf6beb2ce1a4959713d2cfe","docs/research/node-accessibility-alignment.md","89","KUB8","documentation"
"94c9ad6c3539b8cd4cf6beb2ce1a4959713d2cfe","docs/seo/domain-ownership.md","106","tokenReward;reward","documentation"
"94c9ad6c3539b8cd4cf6beb2ce1a4959713d2cfe","kub8_metadata.json","3","KUB8","legacy-or-context-review"
"94c9ad6c3539b8cd4cf6beb2ce1a4959713d2cfe","kub8_metadata.json","4","KUB8","legacy-or-context-review"
"94c9ad6c3539b8cd4cf6beb2ce1a4959713d2cfe","lib/config/api_keys.dart","39","KUB8","legacy-or-context-review"
"94c9ad6c3539b8cd4cf6beb2ce1a4959713d2cfe","lib/config/api_keys.dart","40","KUB8","legacy-or-context-review"
"94c9ad6c3539b8cd4cf6beb2ce1a4959713d2cfe","lib/config/api_keys.dart","43","KUB8","legacy-or-context-review"
"94c9ad6c3539b8cd4cf6beb2ce1a4959713d2cfe","lib/config/api_keys.dart","44","KUB8","legacy-or-context-review"
"94c9ad6c3539b8cd4cf6beb2ce1a4959713d2cfe","lib/config/config.dart","441","reward","unverified-legacy-config"
"94c9ad6c3539b8cd4cf6beb2ce1a4959713d2cfe","lib/config/config.dart","442","dailyLoginReward;reward","unverified-legacy-config"
"94c9ad6c3539b8cd4cf6beb2ce1a4959713d2cfe","lib/config/config.dart","443","reward","unverified-legacy-config"
"94c9ad6c3539b8cd4cf6beb2ce1a4959713d2cfe","lib/config/config.dart","444","reward","unverified-legacy-config"
"94c9ad6c3539b8cd4cf6beb2ce1a4959713d2cfe","lib/config/config.dart","445","KUB8;reward","unverified-legacy-config"
"94c9ad6c3539b8cd4cf6beb2ce1a4959713d2cfe","lib/features/analytics/analytics_metric_registry.dart","11","KUB8","legacy-or-context-review"
"94c9ad6c3539b8cd4cf6beb2ce1a4959713d2cfe","lib/features/analytics/analytics_metric_registry.dart","66","KUB8","legacy-or-context-review"
"94c9ad6c3539b8cd4cf6beb2ce1a4959713d2cfe","lib/features/analytics/analytics_metric_registry.dart","67","KUB8","legacy-or-context-review"
"94c9ad6c3539b8cd4cf6beb2ce1a4959713d2cfe","lib/features/analytics/analytics_metric_registry.dart","96","KUB8","legacy-or-context-review"
"94c9ad6c3539b8cd4cf6beb2ce1a4959713d2cfe","lib/features/analytics/analytics_metric_registry.dart","180","KUB8","legacy-or-context-review"
"94c9ad6c3539b8cd4cf6beb2ce1a4959713d2cfe","lib/features/analytics/analytics_metric_registry.dart","363","KUB8","legacy-or-context-review"
"94c9ad6c3539b8cd4cf6beb2ce1a4959713d2cfe","lib/features/analytics/analytics_metric_registry.dart","569","KUB8","legacy-or-context-review"
"94c9ad6c3539b8cd4cf6beb2ce1a4959713d2cfe","lib/features/analytics/analytics_metric_registry.dart","577","KUB8","legacy-or-context-review"
"94c9ad6c3539b8cd4cf6beb2ce1a4959713d2cfe","lib/features/analytics/analytics_metric_registry.dart","585","KUB8","legacy-or-context-review"
"94c9ad6c3539b8cd4cf6beb2ce1a4959713d2cfe","lib/features/analytics/analytics_metric_registry.dart","594","KUB8","legacy-or-context-review"
"94c9ad6c3539b8cd4cf6beb2ce1a4959713d2cfe","lib/features/spatial/spatial_detail_sections.dart","245","KUB8","explicit-economy-or-infrastructure-review"
"94c9ad6c3539b8cd4cf6beb2ce1a4959713d2cfe","lib/features/spatial/spatial_detail_sections.dart","248","KUB8","explicit-economy-or-infrastructure-review"
"94c9ad6c3539b8cd4cf6beb2ce1a4959713d2cfe","lib/l10n/app_en.arb","97","KUB8","localized-copy"
"94c9ad6c3539b8cd4cf6beb2ce1a4959713d2cfe","lib/l10n/app_en.arb","142","KUB8","localized-copy"
"94c9ad6c3539b8cd4cf6beb2ce1a4959713d2cfe","lib/l10n/app_en.arb","143","KUB8","localized-copy"
"94c9ad6c3539b8cd4cf6beb2ce1a4959713d2cfe","lib/l10n/app_en.arb","805","KUB8","localized-copy"
"94c9ad6c3539b8cd4cf6beb2ce1a4959713d2cfe","lib/l10n/app_en.arb","1293","KUB8","localized-copy"
"94c9ad6c3539b8cd4cf6beb2ce1a4959713d2cfe","lib/l10n/app_en.arb","1497","KUB8","localized-copy"
"94c9ad6c3539b8cd4cf6beb2ce1a4959713d2cfe","lib/l10n/app_en.arb","1513","KUB8;reward","localized-copy"
"94c9ad6c3539b8cd4cf6beb2ce1a4959713d2cfe","lib/l10n/app_en.arb","1514","KUB8;reward","localized-copy"
"94c9ad6c3539b8cd4cf6beb2ce1a4959713d2cfe","lib/l10n/app_en.arb","1684","reward","localized-copy"
"94c9ad6c3539b8cd4cf6beb2ce1a4959713d2cfe","lib/l10n/app_en.arb","1891","reward","localized-copy"
"94c9ad6c3539b8cd4cf6beb2ce1a4959713d2cfe","lib/l10n/app_en.arb","2692","reward","localized-copy"
"94c9ad6c3539b8cd4cf6beb2ce1a4959713d2cfe","lib/l10n/app_en.arb","2710","reward","localized-copy"
"94c9ad6c3539b8cd4cf6beb2ce1a4959713d2cfe","lib/l10n/app_en.arb","2711","KUB8;reward","localized-copy"
"94c9ad6c3539b8cd4cf6beb2ce1a4959713d2cfe","lib/l10n/app_en.arb","2712","KUB8","localized-copy"
"94c9ad6c3539b8cd4cf6beb2ce1a4959713d2cfe","lib/l10n/app_en.arb","2746","KUB8","localized-copy"
"94c9ad6c3539b8cd4cf6beb2ce1a4959713d2cfe","lib/l10n/app_en.arb","2848","KUB8","localized-copy"
"94c9ad6c3539b8cd4cf6beb2ce1a4959713d2cfe","lib/l10n/app_en.arb","2850","reward","localized-copy"
"94c9ad6c3539b8cd4cf6beb2ce1a4959713d2cfe","lib/l10n/app_en.arb","2851","reward","localized-copy"
"94c9ad6c3539b8cd4cf6beb2ce1a4959713d2cfe","lib/l10n/app_en.arb","2874","KUB8;reward","localized-copy"
"94c9ad6c3539b8cd4cf6beb2ce1a4959713d2cfe","lib/l10n/app_en.arb","2875","KUB8;reward","localized-copy"
"94c9ad6c3539b8cd4cf6beb2ce1a4959713d2cfe","lib/l10n/app_en.arb","2876","reward","localized-copy"
"94c9ad6c3539b8cd4cf6beb2ce1a4959713d2cfe","lib/l10n/app_en.arb","3718","KUB8","localized-copy"
"94c9ad6c3539b8cd4cf6beb2ce1a4959713d2cfe","lib/l10n/app_en.arb","3803","KUB8","localized-copy"
"94c9ad6c3539b8cd4cf6beb2ce1a4959713d2cfe","lib/l10n/app_en.arb","3892","reward","localized-copy"
"94c9ad6c3539b8cd4cf6beb2ce1a4959713d2cfe","lib/l10n/app_en.arb","3974","KUB8","localized-copy"
"94c9ad6c3539b8cd4cf6beb2ce1a4959713d2cfe","lib/l10n/app_en.arb","4437","reward","localized-copy"
"94c9ad6c3539b8cd4cf6beb2ce1a4959713d2cfe","lib/l10n/app_en.arb","4438","reward","localized-copy"
"94c9ad6c3539b8cd4cf6beb2ce1a4959713d2cfe","lib/l10n/app_en.arb","4450","KUB8","localized-copy"
"94c9ad6c3539b8cd4cf6beb2ce1a4959713d2cfe","lib/l10n/app_en.arb","4513","KUB8","localized-copy"
"94c9ad6c3539b8cd4cf6beb2ce1a4959713d2cfe","lib/l10n/app_en.arb","4975","KUB8","localized-copy"
"94c9ad6c3539b8cd4cf6beb2ce1a4959713d2cfe","lib/l10n/app_en.arb","5012","KUB8","localized-copy"
"94c9ad6c3539b8cd4cf6beb2ce1a4959713d2cfe","lib/l10n/app_en.arb","5734","KUB8","localized-copy"
"94c9ad6c3539b8cd4cf6beb2ce1a4959713d2cfe","lib/l10n/app_en.arb","5735","KUB8","localized-copy"
"94c9ad6c3539b8cd4cf6beb2ce1a4959713d2cfe","lib/l10n/app_en.arb","5736","KUB8","localized-copy"
"94c9ad6c3539b8cd4cf6beb2ce1a4959713d2cfe","lib/l10n/app_en.arb","5777","KUB8","localized-copy"
"94c9ad6c3539b8cd4cf6beb2ce1a4959713d2cfe","lib/l10n/app_en.arb","5778","KUB8","localized-copy"
"94c9ad6c3539b8cd4cf6beb2ce1a4959713d2cfe","lib/l10n/app_en.arb","5793","KUB8","localized-copy"
"94c9ad6c3539b8cd4cf6beb2ce1a4959713d2cfe","lib/l10n/app_en.arb","5794","KUB8","localized-copy"
"94c9ad6c3539b8cd4cf6beb2ce1a4959713d2cfe","lib/l10n/app_en.arb","5795","KUB8","localized-copy"
"94c9ad6c3539b8cd4cf6beb2ce1a4959713d2cfe","lib/l10n/app_en.arb","5796","KUB8","localized-copy"
"94c9ad6c3539b8cd4cf6beb2ce1a4959713d2cfe","lib/l10n/app_en.arb","5871","KUB8;reward","localized-copy"
"94c9ad6c3539b8cd4cf6beb2ce1a4959713d2cfe","lib/l10n/app_en.arb","5872","reward","localized-copy"
"94c9ad6c3539b8cd4cf6beb2ce1a4959713d2cfe","lib/l10n/app_en.arb","5913","reward","localized-copy"
"94c9ad6c3539b8cd4cf6beb2ce1a4959713d2cfe","lib/l10n/app_en.arb","5920","KUB8;reward","localized-copy"
"94c9ad6c3539b8cd4cf6beb2ce1a4959713d2cfe","lib/l10n/app_en.arb","6324","reward","localized-copy"
"94c9ad6c3539b8cd4cf6beb2ce1a4959713d2cfe","lib/l10n/app_en.arb","6325","KUB8","localized-copy"
"94c9ad6c3539b8cd4cf6beb2ce1a4959713d2cfe","lib/l10n/app_en.arb","6326","KUB8;reward","localized-copy"
"94c9ad6c3539b8cd4cf6beb2ce1a4959713d2cfe","lib/l10n/app_en.arb","6612","KUB8","localized-copy"
"94c9ad6c3539b8cd4cf6beb2ce1a4959713d2cfe","lib/l10n/app_en.arb","6673","KUB8","localized-copy"
"94c9ad6c3539b8cd4cf6beb2ce1a4959713d2cfe","lib/l10n/app_en.arb","6691","KUB8","localized-copy"
"94c9ad6c3539b8cd4cf6beb2ce1a4959713d2cfe","lib/l10n/app_en.arb.old","507","KUB8","localized-copy"
"94c9ad6c3539b8cd4cf6beb2ce1a4959713d2cfe","lib/l10n/app_en.arb.old","531","KUB8","localized-copy"
"94c9ad6c3539b8cd4cf6beb2ce1a4959713d2cfe","lib/l10n/app_en.arb.old","991","KUB8","localized-copy"
"94c9ad6c3539b8cd4cf6beb2ce1a4959713d2cfe","lib/l10n/app_en.arb.old","994","KUB8","localized-copy"
"94c9ad6c3539b8cd4cf6beb2ce1a4959713d2cfe","lib/l10n/app_en.arb.old","995","KUB8","localized-copy"
"94c9ad6c3539b8cd4cf6beb2ce1a4959713d2cfe","lib/l10n/app_en.arb.old","1027","KUB8","localized-copy"
"94c9ad6c3539b8cd4cf6beb2ce1a4959713d2cfe","lib/l10n/app_en.arb.old","1032","KUB8","localized-copy"
"94c9ad6c3539b8cd4cf6beb2ce1a4959713d2cfe","lib/l10n/app_en.arb.old","1040","KUB8","localized-copy"
"94c9ad6c3539b8cd4cf6beb2ce1a4959713d2cfe","lib/l10n/app_en.arb.old","1188","KUB8","localized-copy"
"94c9ad6c3539b8cd4cf6beb2ce1a4959713d2cfe","lib/l10n/app_en.arb.old","1198","KUB8","localized-copy"
"94c9ad6c3539b8cd4cf6beb2ce1a4959713d2cfe","lib/l10n/app_en.arb.old","1199","KUB8","localized-copy"
"94c9ad6c3539b8cd4cf6beb2ce1a4959713d2cfe","lib/l10n/app_en.arb.old","1215","KUB8;reward","localized-copy"
"94c9ad6c3539b8cd4cf6beb2ce1a4959713d2cfe","lib/l10n/app_en.arb.old","1216","KUB8;reward","localized-copy"
"94c9ad6c3539b8cd4cf6beb2ce1a4959713d2cfe","lib/l10n/app_en.arb.old","1386","reward","localized-copy"
"94c9ad6c3539b8cd4cf6beb2ce1a4959713d2cfe","lib/l10n/app_en.arb.old","1570","reward","localized-copy"
"94c9ad6c3539b8cd4cf6beb2ce1a4959713d2cfe","lib/l10n/app_en.arb.old","2268","KUB8;reward","localized-copy"
"94c9ad6c3539b8cd4cf6beb2ce1a4959713d2cfe","lib/l10n/app_en.arb.old","2269","KUB8;reward","localized-copy"
"94c9ad6c3539b8cd4cf6beb2ce1a4959713d2cfe","lib/l10n/app_en.arb.old","2270","reward","localized-copy"
"94c9ad6c3539b8cd4cf6beb2ce1a4959713d2cfe","lib/l10n/app_en.arb.old","2796","KUB8","localized-copy"
"94c9ad6c3539b8cd4cf6beb2ce1a4959713d2cfe","lib/l10n/app_en.arb.old","2876","KUB8","localized-copy"
"94c9ad6c3539b8cd4cf6beb2ce1a4959713d2cfe","lib/l10n/app_en.arb.old","2963","reward","localized-copy"
"94c9ad6c3539b8cd4cf6beb2ce1a4959713d2cfe","lib/l10n/app_en.arb.old","3045","KUB8","localized-copy"
"94c9ad6c3539b8cd4cf6beb2ce1a4959713d2cfe","lib/l10n/app_en.arb.old","3288","KUB8","localized-copy"
"94c9ad6c3539b8cd4cf6beb2ce1a4959713d2cfe","lib/l10n/app_en.arb.old","3500","reward","localized-copy"
"94c9ad6c3539b8cd4cf6beb2ce1a4959713d2cfe","lib/l10n/app_en.arb.old","3501","reward","localized-copy"
"94c9ad6c3539b8cd4cf6beb2ce1a4959713d2cfe","lib/l10n/app_en.arb.old","3513","KUB8","localized-copy"
"94c9ad6c3539b8cd4cf6beb2ce1a4959713d2cfe","lib/l10n/app_en.arb.old","3576","KUB8","localized-copy"
"94c9ad6c3539b8cd4cf6beb2ce1a4959713d2cfe","lib/l10n/app_en.arb.old","4011","KUB8","localized-copy"
"94c9ad6c3539b8cd4cf6beb2ce1a4959713d2cfe","lib/l10n/app_en.arb.old","4050","KUB8","localized-copy"
"94c9ad6c3539b8cd4cf6beb2ce1a4959713d2cfe","lib/l10n/app_en.arb.old","4797","KUB8","localized-copy"
"94c9ad6c3539b8cd4cf6beb2ce1a4959713d2cfe","lib/l10n/app_en.arb.old","4798","KUB8","localized-copy"
"94c9ad6c3539b8cd4cf6beb2ce1a4959713d2cfe","lib/l10n/app_en.arb.old","4799","KUB8","localized-copy"
"94c9ad6c3539b8cd4cf6beb2ce1a4959713d2cfe","lib/l10n/app_en.arb.old","4834","KUB8","localized-copy"
"94c9ad6c3539b8cd4cf6beb2ce1a4959713d2cfe","lib/l10n/app_en.arb.old","4835","KUB8","localized-copy"
"94c9ad6c3539b8cd4cf6beb2ce1a4959713d2cfe","lib/l10n/app_localizations.dart","455","KUB8","localized-copy"
"94c9ad6c3539b8cd4cf6beb2ce1a4959713d2cfe","lib/l10n/app_localizations.dart","567","KUB8","localized-copy"
"94c9ad6c3539b8cd4cf6beb2ce1a4959713d2cfe","lib/l10n/app_localizations.dart","570","KUB8","localized-copy"
"94c9ad6c3539b8cd4cf6beb2ce1a4959713d2cfe","lib/l10n/app_localizations.dart","571","KUB8","localized-copy"
"94c9ad6c3539b8cd4cf6beb2ce1a4959713d2cfe","lib/l10n/app_localizations.dart","573","KUB8","localized-copy"
"94c9ad6c3539b8cd4cf6beb2ce1a4959713d2cfe","lib/l10n/app_localizations.dart","576","KUB8","localized-copy"
"94c9ad6c3539b8cd4cf6beb2ce1a4959713d2cfe","lib/l10n/app_localizations.dart","577","KUB8","localized-copy"
"94c9ad6c3539b8cd4cf6beb2ce1a4959713d2cfe","lib/l10n/app_localizations.dart","4071","KUB8","localized-copy"
"94c9ad6c3539b8cd4cf6beb2ce1a4959713d2cfe","lib/l10n/app_localizations.dart","4075","KUB8","localized-copy"
"94c9ad6c3539b8cd4cf6beb2ce1a4959713d2cfe","lib/l10n/app_localizations.dart","6415","KUB8","localized-copy"
"94c9ad6c3539b8cd4cf6beb2ce1a4959713d2cfe","lib/l10n/app_localizations.dart","7483","KUB8","localized-copy"
"94c9ad6c3539b8cd4cf6beb2ce1a4959713d2cfe","lib/l10n/app_localizations.dart","7546","KUB8;reward","localized-copy"
"94c9ad6c3539b8cd4cf6beb2ce1a4959713d2cfe","lib/l10n/app_localizations.dart","7549","KUB8","localized-copy"
"94c9ad6c3539b8cd4cf6beb2ce1a4959713d2cfe","lib/l10n/app_localizations.dart","7550","KUB8;reward","localized-copy"
"94c9ad6c3539b8cd4cf6beb2ce1a4959713d2cfe","lib/l10n/app_localizations.dart","8206","reward","localized-copy"
"94c9ad6c3539b8cd4cf6beb2ce1a4959713d2cfe","lib/l10n/app_localizations.dart","8209","reward","localized-copy"
"94c9ad6c3539b8cd4cf6beb2ce1a4959713d2cfe","lib/l10n/app_localizations.dart","8210","reward","localized-copy"
"94c9ad6c3539b8cd4cf6beb2ce1a4959713d2cfe","lib/l10n/app_localizations.dart","8800","reward","localized-copy"
"94c9ad6c3539b8cd4cf6beb2ce1a4959713d2cfe","lib/l10n/app_localizations.dart","8804","reward","localized-copy"
"94c9ad6c3539b8cd4cf6beb2ce1a4959713d2cfe","lib/l10n/app_localizations.dart","11860","reward","localized-copy"
"94c9ad6c3539b8cd4cf6beb2ce1a4959713d2cfe","lib/l10n/app_localizations.dart","11864","reward","localized-copy"
"94c9ad6c3539b8cd4cf6beb2ce1a4959713d2cfe","lib/l10n/app_localizations.dart","11968","reward","localized-copy"
"94c9ad6c3539b8cd4cf6beb2ce1a4959713d2cfe","lib/l10n/app_localizations.dart","11972","reward","localized-copy"
"94c9ad6c3539b8cd4cf6beb2ce1a4959713d2cfe","lib/l10n/app_localizations.dart","11974","reward","localized-copy"
"94c9ad6c3539b8cd4cf6beb2ce1a4959713d2cfe","lib/l10n/app_localizations.dart","11977","KUB8","localized-copy"
"94c9ad6c3539b8cd4cf6beb2ce1a4959713d2cfe","lib/l10n/app_localizations.dart","11978","reward","localized-copy"
"94c9ad6c3539b8cd4cf6beb2ce1a4959713d2cfe","lib/l10n/app_localizations.dart","11980","KUB8","localized-copy"
"94c9ad6c3539b8cd4cf6beb2ce1a4959713d2cfe","lib/l10n/app_localizations.dart","11983","KUB8","localized-copy"
"94c9ad6c3539b8cd4cf6beb2ce1a4959713d2cfe","lib/l10n/app_localizations.dart","11984","KUB8","localized-copy"
"94c9ad6c3539b8cd4cf6beb2ce1a4959713d2cfe","lib/l10n/app_localizations.dart","12187","KUB8","localized-copy"
"94c9ad6c3539b8cd4cf6beb2ce1a4959713d2cfe","lib/l10n/app_localizations.dart","12736","KUB8","localized-copy"
"94c9ad6c3539b8cd4cf6beb2ce1a4959713d2cfe","lib/l10n/app_localizations.dart","12739","KUB8","localized-copy"
"94c9ad6c3539b8cd4cf6beb2ce1a4959713d2cfe","lib/l10n/app_localizations.dart","12740","KUB8","localized-copy"
"94c9ad6c3539b8cd4cf6beb2ce1a4959713d2cfe","lib/l10n/app_localizations.dart","12748","reward","localized-copy"
"94c9ad6c3539b8cd4cf6beb2ce1a4959713d2cfe","lib/l10n/app_localizations.dart","12752","reward","localized-copy"
"94c9ad6c3539b8cd4cf6beb2ce1a4959713d2cfe","lib/l10n/app_localizations.dart","12757","reward","localized-copy"
"94c9ad6c3539b8cd4cf6beb2ce1a4959713d2cfe","lib/l10n/app_localizations.dart","12862","reward","localized-copy"
"94c9ad6c3539b8cd4cf6beb2ce1a4959713d2cfe","lib/l10n/app_localizations.dart","12865","KUB8","localized-copy"
"94c9ad6c3539b8cd4cf6beb2ce1a4959713d2cfe","lib/l10n/app_localizations.dart","12866","reward","localized-copy"
"94c9ad6c3539b8cd4cf6beb2ce1a4959713d2cfe","lib/l10n/app_localizations.dart","12868","reward","localized-copy"
"94c9ad6c3539b8cd4cf6beb2ce1a4959713d2cfe","lib/l10n/app_localizations.dart","12871","KUB8","localized-copy"
"94c9ad6c3539b8cd4cf6beb2ce1a4959713d2cfe","lib/l10n/app_localizations.dart","12872","reward","localized-copy"
"94c9ad6c3539b8cd4cf6beb2ce1a4959713d2cfe","lib/l10n/app_localizations.dart","16195","KUB8","localized-copy"
"94c9ad6c3539b8cd4cf6beb2ce1a4959713d2cfe","lib/l10n/app_localizations.dart","16198","KUB8","localized-copy"
"94c9ad6c3539b8cd4cf6beb2ce1a4959713d2cfe","lib/l10n/app_localizations.dart","16199","KUB8","localized-copy"
"94c9ad6c3539b8cd4cf6beb2ce1a4959713d2cfe","lib/l10n/app_localizations.dart","16571","KUB8","localized-copy"
"94c9ad6c3539b8cd4cf6beb2ce1a4959713d2cfe","lib/l10n/app_localizations.dart","16922","reward","localized-copy"
"94c9ad6c3539b8cd4cf6beb2ce1a4959713d2cfe","lib/l10n/app_localizations.dart","16925","reward","localized-copy"
"94c9ad6c3539b8cd4cf6beb2ce1a4959713d2cfe","lib/l10n/app_localizations.dart","16926","reward","localized-copy"
"94c9ad6c3539b8cd4cf6beb2ce1a4959713d2cfe","lib/l10n/app_localizations.dart","17207","KUB8","localized-copy"
"94c9ad6c3539b8cd4cf6beb2ce1a4959713d2cfe","lib/l10n/app_localizations.dart","19149","reward","localized-copy"
"94c9ad6c3539b8cd4cf6beb2ce1a4959713d2cfe","lib/l10n/app_localizations.dart","19153","reward","localized-copy"
"94c9ad6c3539b8cd4cf6beb2ce1a4959713d2cfe","lib/l10n/app_localizations.dart","19155","reward","localized-copy"
"94c9ad6c3539b8cd4cf6beb2ce1a4959713d2cfe","lib/l10n/app_localizations.dart","19159","reward","localized-copy"
"94c9ad6c3539b8cd4cf6beb2ce1a4959713d2cfe","lib/l10n/app_localizations.dart","19227","KUB8","localized-copy"
"94c9ad6c3539b8cd4cf6beb2ce1a4959713d2cfe","lib/l10n/app_localizations.dart","19230","KUB8","localized-copy"
"94c9ad6c3539b8cd4cf6beb2ce1a4959713d2cfe","lib/l10n/app_localizations.dart","19231","KUB8","localized-copy"
"94c9ad6c3539b8cd4cf6beb2ce1a4959713d2cfe","lib/l10n/app_localizations.dart","19578","KUB8","localized-copy"
"94c9ad6c3539b8cd4cf6beb2ce1a4959713d2cfe","lib/l10n/app_localizations.dart","21583","KUB8","localized-copy"
"94c9ad6c3539b8cd4cf6beb2ce1a4959713d2cfe","lib/l10n/app_localizations.dart","21802","KUB8","localized-copy"
"94c9ad6c3539b8cd4cf6beb2ce1a4959713d2cfe","lib/l10n/app_localizations.dart","21806","KUB8","localized-copy"
"94c9ad6c3539b8cd4cf6beb2ce1a4959713d2cfe","lib/l10n/app_localizations.dart","24702","KUB8","localized-copy"
"94c9ad6c3539b8cd4cf6beb2ce1a4959713d2cfe","lib/l10n/app_localizations.dart","24705","KUB8","localized-copy"
"94c9ad6c3539b8cd4cf6beb2ce1a4959713d2cfe","lib/l10n/app_localizations.dart","24706","KUB8","localized-copy"
"94c9ad6c3539b8cd4cf6beb2ce1a4959713d2cfe","lib/l10n/app_localizations.dart","24708","KUB8","localized-copy"
"94c9ad6c3539b8cd4cf6beb2ce1a4959713d2cfe","lib/l10n/app_localizations.dart","24711","KUB8","localized-copy"
"94c9ad6c3539b8cd4cf6beb2ce1a4959713d2cfe","lib/l10n/app_localizations.dart","24712","KUB8","localized-copy"
"94c9ad6c3539b8cd4cf6beb2ce1a4959713d2cfe","lib/l10n/app_localizations.dart","24870","KUB8","localized-copy"
"94c9ad6c3539b8cd4cf6beb2ce1a4959713d2cfe","lib/l10n/app_localizations.dart","24873","KUB8","localized-copy"
"94c9ad6c3539b8cd4cf6beb2ce1a4959713d2cfe","lib/l10n/app_localizations.dart","24874","KUB8","localized-copy"
"94c9ad6c3539b8cd4cf6beb2ce1a4959713d2cfe","lib/l10n/app_localizations.dart","24906","KUB8","localized-copy"
"94c9ad6c3539b8cd4cf6beb2ce1a4959713d2cfe","lib/l10n/app_localizations.dart","24909","KUB8","localized-copy"
"94c9ad6c3539b8cd4cf6beb2ce1a4959713d2cfe","lib/l10n/app_localizations.dart","24910","KUB8","localized-copy"
"94c9ad6c3539b8cd4cf6beb2ce1a4959713d2cfe","lib/l10n/app_localizations.dart","24912","KUB8","localized-copy"
"94c9ad6c3539b8cd4cf6beb2ce1a4959713d2cfe","lib/l10n/app_localizations.dart","24915","KUB8","localized-copy"
"94c9ad6c3539b8cd4cf6beb2ce1a4959713d2cfe","lib/l10n/app_localizations.dart","24916","KUB8","localized-copy"
"94c9ad6c3539b8cd4cf6beb2ce1a4959713d2cfe","lib/l10n/app_localizations.dart","24918","KUB8","localized-copy"
"94c9ad6c3539b8cd4cf6beb2ce1a4959713d2cfe","lib/l10n/app_localizations.dart","24922","KUB8","localized-copy"
"94c9ad6c3539b8cd4cf6beb2ce1a4959713d2cfe","lib/l10n/app_localizations.dart","24924","KUB8","localized-copy"
"94c9ad6c3539b8cd4cf6beb2ce1a4959713d2cfe","lib/l10n/app_localizations.dart","24928","KUB8","localized-copy"
"94c9ad6c3539b8cd4cf6beb2ce1a4959713d2cfe","lib/l10n/app_localizations.dart","25314","reward","localized-copy"
"94c9ad6c3539b8cd4cf6beb2ce1a4959713d2cfe","lib/l10n/app_localizations.dart","25317","KUB8","localized-copy"
"94c9ad6c3539b8cd4cf6beb2ce1a4959713d2cfe","lib/l10n/app_localizations.dart","25318","reward","localized-copy"
"94c9ad6c3539b8cd4cf6beb2ce1a4959713d2cfe","lib/l10n/app_localizations.dart","25539","reward","localized-copy"
"94c9ad6c3539b8cd4cf6beb2ce1a4959713d2cfe","lib/l10n/app_localizations.dart","25578","reward","localized-copy"
"94c9ad6c3539b8cd4cf6beb2ce1a4959713d2cfe","lib/l10n/app_localizations.dart","25581","KUB8;reward","localized-copy"
"94c9ad6c3539b8cd4cf6beb2ce1a4959713d2cfe","lib/l10n/app_localizations.dart","25582","reward","localized-copy"
"94c9ad6c3539b8cd4cf6beb2ce1a4959713d2cfe","lib/l10n/app_localizations.dart","27238","reward","localized-copy"
"94c9ad6c3539b8cd4cf6beb2ce1a4959713d2cfe","lib/l10n/app_localizations.dart","27244","KUB8","localized-copy"
"94c9ad6c3539b8cd4cf6beb2ce1a4959713d2cfe","lib/l10n/app_localizations.dart","27250","KUB8;reward","localized-copy"
"94c9ad6c3539b8cd4cf6beb2ce1a4959713d2cfe","lib/l10n/app_localizations.dart","28468","KUB8","localized-copy"
"94c9ad6c3539b8cd4cf6beb2ce1a4959713d2cfe","lib/l10n/app_localizations.dart","28747","KUB8","localized-copy"
"94c9ad6c3539b8cd4cf6beb2ce1a4959713d2cfe","lib/l10n/app_localizations.dart","28750","KUB8","localized-copy"
"94c9ad6c3539b8cd4cf6beb2ce1a4959713d2cfe","lib/l10n/app_localizations.dart","28751","KUB8","localized-copy"
"94c9ad6c3539b8cd4cf6beb2ce1a4959713d2cfe","lib/l10n/app_localizations.dart","28858","KUB8","localized-copy"
"94c9ad6c3539b8cd4cf6beb2ce1a4959713d2cfe","lib/l10n/app_localizations_en.dart","220","KUB8","localized-copy"
"94c9ad6c3539b8cd4cf6beb2ce1a4959713d2cfe","lib/l10n/app_localizations_en.dart","292","KUB8","localized-copy"
"94c9ad6c3539b8cd4cf6beb2ce1a4959713d2cfe","lib/l10n/app_localizations_en.dart","295","KUB8","localized-copy"
"94c9ad6c3539b8cd4cf6beb2ce1a4959713d2cfe","lib/l10n/app_localizations_en.dart","296","KUB8","localized-copy"
"94c9ad6c3539b8cd4cf6beb2ce1a4959713d2cfe","lib/l10n/app_localizations_en.dart","2274","KUB8","localized-copy"
"94c9ad6c3539b8cd4cf6beb2ce1a4959713d2cfe","lib/l10n/app_localizations_en.dart","3612","KUB8","localized-copy"
"94c9ad6c3539b8cd4cf6beb2ce1a4959713d2cfe","lib/l10n/app_localizations_en.dart","4194","KUB8","localized-copy"
"94c9ad6c3539b8cd4cf6beb2ce1a4959713d2cfe","lib/l10n/app_localizations_en.dart","4232","KUB8;reward","localized-copy"
"94c9ad6c3539b8cd4cf6beb2ce1a4959713d2cfe","lib/l10n/app_localizations_en.dart","4233","KUB8","localized-copy"
"94c9ad6c3539b8cd4cf6beb2ce1a4959713d2cfe","lib/l10n/app_localizations_en.dart","4607","reward","localized-copy"
"94c9ad6c3539b8cd4cf6beb2ce1a4959713d2cfe","lib/l10n/app_localizations_en.dart","4936","reward","localized-copy"
"94c9ad6c3539b8cd4cf6beb2ce1a4959713d2cfe","lib/l10n/app_localizations_en.dart","6767","reward","localized-copy"
"94c9ad6c3539b8cd4cf6beb2ce1a4959713d2cfe","lib/l10n/app_localizations_en.dart","6823","reward","localized-copy"
"94c9ad6c3539b8cd4cf6beb2ce1a4959713d2cfe","lib/l10n/app_localizations_en.dart","6826","reward","localized-copy"
"94c9ad6c3539b8cd4cf6beb2ce1a4959713d2cfe","lib/l10n/app_localizations_en.dart","6827","KUB8","localized-copy"
"94c9ad6c3539b8cd4cf6beb2ce1a4959713d2cfe","lib/l10n/app_localizations_en.dart","6830","KUB8","localized-copy"
"94c9ad6c3539b8cd4cf6beb2ce1a4959713d2cfe","lib/l10n/app_localizations_en.dart","6946","KUB8","localized-copy"
"94c9ad6c3539b8cd4cf6beb2ce1a4959713d2cfe","lib/l10n/app_localizations_en.dart","7251","KUB8","localized-copy"
"94c9ad6c3539b8cd4cf6beb2ce1a4959713d2cfe","lib/l10n/app_localizations_en.dart","7258","reward","localized-copy"
"94c9ad6c3539b8cd4cf6beb2ce1a4959713d2cfe","lib/l10n/app_localizations_en.dart","7263","reward","localized-copy"
"94c9ad6c3539b8cd4cf6beb2ce1a4959713d2cfe","lib/l10n/app_localizations_en.dart","7324","KUB8;reward","localized-copy"
"94c9ad6c3539b8cd4cf6beb2ce1a4959713d2cfe","lib/l10n/app_localizations_en.dart","7327","reward","localized-copy"
"94c9ad6c3539b8cd4cf6beb2ce1a4959713d2cfe","lib/l10n/app_localizations_en.dart","7328","KUB8","localized-copy"
"94c9ad6c3539b8cd4cf6beb2ce1a4959713d2cfe","lib/l10n/app_localizations_en.dart","9282","KUB8","localized-copy"
"94c9ad6c3539b8cd4cf6beb2ce1a4959713d2cfe","lib/l10n/app_localizations_en.dart","9491","KUB8","localized-copy"
"94c9ad6c3539b8cd4cf6beb2ce1a4959713d2cfe","lib/l10n/app_localizations_en.dart","9690","reward","localized-copy"
"94c9ad6c3539b8cd4cf6beb2ce1a4959713d2cfe","lib/l10n/app_localizations_en.dart","9855","KUB8","localized-copy"
"94c9ad6c3539b8cd4cf6beb2ce1a4959713d2cfe","lib/l10n/app_localizations_en.dart","10962","reward","localized-copy"
"94c9ad6c3539b8cd4cf6beb2ce1a4959713d2cfe","lib/l10n/app_localizations_en.dart","10965","reward","localized-copy"
"94c9ad6c3539b8cd4cf6beb2ce1a4959713d2cfe","lib/l10n/app_localizations_en.dart","11004","KUB8","localized-copy"
"94c9ad6c3539b8cd4cf6beb2ce1a4959713d2cfe","lib/l10n/app_localizations_en.dart","11198","KUB8","localized-copy"
"94c9ad6c3539b8cd4cf6beb2ce1a4959713d2cfe","lib/l10n/app_localizations_en.dart","12346","KUB8","localized-copy"
"94c9ad6c3539b8cd4cf6beb2ce1a4959713d2cfe","lib/l10n/app_localizations_en.dart","12464","KUB8","localized-copy"
"94c9ad6c3539b8cd4cf6beb2ce1a4959713d2cfe","lib/l10n/app_localizations_en.dart","14181","KUB8","localized-copy"
"94c9ad6c3539b8cd4cf6beb2ce1a4959713d2cfe","lib/l10n/app_localizations_en.dart","14184","KUB8","localized-copy"
"94c9ad6c3539b8cd4cf6beb2ce1a4959713d2cfe","lib/l10n/app_localizations_en.dart","14185","KUB8","localized-copy"
"94c9ad6c3539b8cd4cf6beb2ce1a4959713d2cfe","lib/l10n/app_localizations_en.dart","14282","KUB8","localized-copy"
"94c9ad6c3539b8cd4cf6beb2ce1a4959713d2cfe","lib/l10n/app_localizations_en.dart","14283","KUB8","localized-copy"
"94c9ad6c3539b8cd4cf6beb2ce1a4959713d2cfe","lib/l10n/app_localizations_en.dart","14313","KUB8","localized-copy"
"94c9ad6c3539b8cd4cf6beb2ce1a4959713d2cfe","lib/l10n/app_localizations_en.dart","14314","KUB8","localized-copy"
"94c9ad6c3539b8cd4cf6beb2ce1a4959713d2cfe","lib/l10n/app_localizations_en.dart","14317","KUB8","localized-copy"
"94c9ad6c3539b8cd4cf6beb2ce1a4959713d2cfe","lib/l10n/app_localizations_en.dart","14318","KUB8","localized-copy"
"94c9ad6c3539b8cd4cf6beb2ce1a4959713d2cfe","lib/l10n/app_localizations_en.dart","14321","KUB8","localized-copy"
"94c9ad6c3539b8cd4cf6beb2ce1a4959713d2cfe","lib/l10n/app_localizations_en.dart","14324","KUB8","localized-copy"
"94c9ad6c3539b8cd4cf6beb2ce1a4959713d2cfe","lib/l10n/app_localizations_en.dart","14544","reward","localized-copy"
"94c9ad6c3539b8cd4cf6beb2ce1a4959713d2cfe","lib/l10n/app_localizations_en.dart","14545","KUB8","localized-copy"
"94c9ad6c3539b8cd4cf6beb2ce1a4959713d2cfe","lib/l10n/app_localizations_en.dart","14665","reward","localized-copy"
"94c9ad6c3539b8cd4cf6beb2ce1a4959713d2cfe","lib/l10n/app_localizations_en.dart","14687","KUB8;reward","localized-copy"
"94c9ad6c3539b8cd4cf6beb2ce1a4959713d2cfe","lib/l10n/app_localizations_en.dart","15652","reward","localized-copy"
"94c9ad6c3539b8cd4cf6beb2ce1a4959713d2cfe","lib/l10n/app_localizations_en.dart","15656","KUB8","localized-copy"
"94c9ad6c3539b8cd4cf6beb2ce1a4959713d2cfe","lib/l10n/app_localizations_en.dart","15660","KUB8;reward","localized-copy"
"94c9ad6c3539b8cd4cf6beb2ce1a4959713d2cfe","lib/l10n/app_localizations_en.dart","16358","KUB8","localized-copy"
"94c9ad6c3539b8cd4cf6beb2ce1a4959713d2cfe","lib/l10n/app_localizations_en.dart","16518","KUB8","localized-copy"
"94c9ad6c3539b8cd4cf6beb2ce1a4959713d2cfe","lib/l10n/app_localizations_en.dart","16579","KUB8","localized-copy"
"94c9ad6c3539b8cd4cf6beb2ce1a4959713d2cfe","lib/l10n/app_localizations_sl.dart","223","KUB8","localized-copy"
"94c9ad6c3539b8cd4cf6beb2ce1a4959713d2cfe","lib/l10n/app_localizations_sl.dart","296","KUB8","localized-copy"
"94c9ad6c3539b8cd4cf6beb2ce1a4959713d2cfe","lib/l10n/app_localizations_sl.dart","299","KUB8","localized-copy"
"94c9ad6c3539b8cd4cf6beb2ce1a4959713d2cfe","lib/l10n/app_localizations_sl.dart","300","KUB8","localized-copy"
"94c9ad6c3539b8cd4cf6beb2ce1a4959713d2cfe","lib/l10n/app_localizations_sl.dart","2288","KUB8","localized-copy"
"94c9ad6c3539b8cd4cf6beb2ce1a4959713d2cfe","lib/l10n/app_localizations_sl.dart","3640","KUB8","localized-copy"
"94c9ad6c3539b8cd4cf6beb2ce1a4959713d2cfe","lib/l10n/app_localizations_sl.dart","4229","KUB8","localized-copy"
"94c9ad6c3539b8cd4cf6beb2ce1a4959713d2cfe","lib/l10n/app_localizations_sl.dart","4265","KUB8;reward","localized-copy"
"94c9ad6c3539b8cd4cf6beb2ce1a4959713d2cfe","lib/l10n/app_localizations_sl.dart","4266","KUB8","localized-copy"
"94c9ad6c3539b8cd4cf6beb2ce1a4959713d2cfe","lib/l10n/app_localizations_sl.dart","4642","reward","localized-copy"
"94c9ad6c3539b8cd4cf6beb2ce1a4959713d2cfe","lib/l10n/app_localizations_sl.dart","4974","reward","localized-copy"
"94c9ad6c3539b8cd4cf6beb2ce1a4959713d2cfe","lib/l10n/app_localizations_sl.dart","6819","reward","localized-copy"
"94c9ad6c3539b8cd4cf6beb2ce1a4959713d2cfe","lib/l10n/app_localizations_sl.dart","6875","reward","localized-copy"
"94c9ad6c3539b8cd4cf6beb2ce1a4959713d2cfe","lib/l10n/app_localizations_sl.dart","6878","reward","localized-copy"
"94c9ad6c3539b8cd4cf6beb2ce1a4959713d2cfe","lib/l10n/app_localizations_sl.dart","6879","KUB8","localized-copy"
"94c9ad6c3539b8cd4cf6beb2ce1a4959713d2cfe","lib/l10n/app_localizations_sl.dart","6882","KUB8","localized-copy"
"94c9ad6c3539b8cd4cf6beb2ce1a4959713d2cfe","lib/l10n/app_localizations_sl.dart","6999","KUB8","localized-copy"
"94c9ad6c3539b8cd4cf6beb2ce1a4959713d2cfe","lib/l10n/app_localizations_sl.dart","7307","KUB8","localized-copy"
"94c9ad6c3539b8cd4cf6beb2ce1a4959713d2cfe","lib/l10n/app_localizations_sl.dart","7314","reward","localized-copy"
"94c9ad6c3539b8cd4cf6beb2ce1a4959713d2cfe","lib/l10n/app_localizations_sl.dart","7381","KUB8;reward","localized-copy"
"94c9ad6c3539b8cd4cf6beb2ce1a4959713d2cfe","lib/l10n/app_localizations_sl.dart","7384","reward","localized-copy"
"94c9ad6c3539b8cd4cf6beb2ce1a4959713d2cfe","lib/l10n/app_localizations_sl.dart","7385","KUB8","localized-copy"
"94c9ad6c3539b8cd4cf6beb2ce1a4959713d2cfe","lib/l10n/app_localizations_sl.dart","9357","KUB8","localized-copy"
"94c9ad6c3539b8cd4cf6beb2ce1a4959713d2cfe","lib/l10n/app_localizations_sl.dart","9568","KUB8","localized-copy"
"94c9ad6c3539b8cd4cf6beb2ce1a4959713d2cfe","lib/l10n/app_localizations_sl.dart","9770","reward","localized-copy"
"94c9ad6c3539b8cd4cf6beb2ce1a4959713d2cfe","lib/l10n/app_localizations_sl.dart","10558","KUB8","localized-copy"
"94c9ad6c3539b8cd4cf6beb2ce1a4959713d2cfe","lib/l10n/app_localizations_sl.dart","11065","reward","localized-copy"
"94c9ad6c3539b8cd4cf6beb2ce1a4959713d2cfe","lib/l10n/app_localizations_sl.dart","11068","reward","localized-copy"
"94c9ad6c3539b8cd4cf6beb2ce1a4959713d2cfe","lib/l10n/app_localizations_sl.dart","11107","KUB8","localized-copy"
"94c9ad6c3539b8cd4cf6beb2ce1a4959713d2cfe","lib/l10n/app_localizations_sl.dart","11310","KUB8","localized-copy"
"94c9ad6c3539b8cd4cf6beb2ce1a4959713d2cfe","lib/l10n/app_localizations_sl.dart","12469","KUB8","localized-copy"
"94c9ad6c3539b8cd4cf6beb2ce1a4959713d2cfe","lib/l10n/app_localizations_sl.dart","12588","KUB8","localized-copy"
"94c9ad6c3539b8cd4cf6beb2ce1a4959713d2cfe","lib/l10n/app_localizations_sl.dart","14332","KUB8","localized-copy"
"94c9ad6c3539b8cd4cf6beb2ce1a4959713d2cfe","lib/l10n/app_localizations_sl.dart","14335","KUB8","localized-copy"
"94c9ad6c3539b8cd4cf6beb2ce1a4959713d2cfe","lib/l10n/app_localizations_sl.dart","14336","KUB8","localized-copy"
"94c9ad6c3539b8cd4cf6beb2ce1a4959713d2cfe","lib/l10n/app_localizations_sl.dart","14432","KUB8","localized-copy"
"94c9ad6c3539b8cd4cf6beb2ce1a4959713d2cfe","lib/l10n/app_localizations_sl.dart","14433","KUB8","localized-copy"
"94c9ad6c3539b8cd4cf6beb2ce1a4959713d2cfe","lib/l10n/app_localizations_sl.dart","14465","KUB8","localized-copy"
"94c9ad6c3539b8cd4cf6beb2ce1a4959713d2cfe","lib/l10n/app_localizations_sl.dart","14466","KUB8","localized-copy"
"94c9ad6c3539b8cd4cf6beb2ce1a4959713d2cfe","lib/l10n/app_localizations_sl.dart","14469","KUB8","localized-copy"
"94c9ad6c3539b8cd4cf6beb2ce1a4959713d2cfe","lib/l10n/app_localizations_sl.dart","14470","KUB8","localized-copy"
"94c9ad6c3539b8cd4cf6beb2ce1a4959713d2cfe","lib/l10n/app_localizations_sl.dart","14473","KUB8","localized-copy"
"94c9ad6c3539b8cd4cf6beb2ce1a4959713d2cfe","lib/l10n/app_localizations_sl.dart","14476","KUB8","localized-copy"
"94c9ad6c3539b8cd4cf6beb2ce1a4959713d2cfe","lib/l10n/app_localizations_sl.dart","14694","reward","localized-copy"
"94c9ad6c3539b8cd4cf6beb2ce1a4959713d2cfe","lib/l10n/app_localizations_sl.dart","14695","KUB8","localized-copy"
"94c9ad6c3539b8cd4cf6beb2ce1a4959713d2cfe","lib/l10n/app_localizations_sl.dart","14838","KUB8;reward","localized-copy"
"94c9ad6c3539b8cd4cf6beb2ce1a4959713d2cfe","lib/l10n/app_localizations_sl.dart","15814","KUB8","localized-copy"
"94c9ad6c3539b8cd4cf6beb2ce1a4959713d2cfe","lib/l10n/app_localizations_sl.dart","15818","KUB8","localized-copy"
"94c9ad6c3539b8cd4cf6beb2ce1a4959713d2cfe","lib/l10n/app_localizations_sl.dart","16525","KUB8","localized-copy"
"94c9ad6c3539b8cd4cf6beb2ce1a4959713d2cfe","lib/l10n/app_localizations_sl.dart","16688","KUB8","localized-copy"
"94c9ad6c3539b8cd4cf6beb2ce1a4959713d2cfe","lib/l10n/app_localizations_sl.dart","16750","KUB8","localized-copy"
"94c9ad6c3539b8cd4cf6beb2ce1a4959713d2cfe","lib/l10n/app_sl.arb","97","KUB8","localized-copy"
"94c9ad6c3539b8cd4cf6beb2ce1a4959713d2cfe","lib/l10n/app_sl.arb","142","KUB8","localized-copy"
"94c9ad6c3539b8cd4cf6beb2ce1a4959713d2cfe","lib/l10n/app_sl.arb","143","KUB8","localized-copy"
"94c9ad6c3539b8cd4cf6beb2ce1a4959713d2cfe","lib/l10n/app_sl.arb","805","KUB8","localized-copy"
"94c9ad6c3539b8cd4cf6beb2ce1a4959713d2cfe","lib/l10n/app_sl.arb","1281","KUB8","localized-copy"
"94c9ad6c3539b8cd4cf6beb2ce1a4959713d2cfe","lib/l10n/app_sl.arb","1464","KUB8","localized-copy"
"94c9ad6c3539b8cd4cf6beb2ce1a4959713d2cfe","lib/l10n/app_sl.arb","1480","KUB8;reward","localized-copy"
"94c9ad6c3539b8cd4cf6beb2ce1a4959713d2cfe","lib/l10n/app_sl.arb","1481","KUB8;reward","localized-copy"
"94c9ad6c3539b8cd4cf6beb2ce1a4959713d2cfe","lib/l10n/app_sl.arb","1651","reward","localized-copy"
"94c9ad6c3539b8cd4cf6beb2ce1a4959713d2cfe","lib/l10n/app_sl.arb","1852","reward","localized-copy"
"94c9ad6c3539b8cd4cf6beb2ce1a4959713d2cfe","lib/l10n/app_sl.arb","2651","KUB8;reward","localized-copy"
"94c9ad6c3539b8cd4cf6beb2ce1a4959713d2cfe","lib/l10n/app_sl.arb","2652","KUB8;reward","localized-copy"
"94c9ad6c3539b8cd4cf6beb2ce1a4959713d2cfe","lib/l10n/app_sl.arb","2653","reward","localized-copy"
"94c9ad6c3539b8cd4cf6beb2ce1a4959713d2cfe","lib/l10n/app_sl.arb","3452","KUB8","localized-copy"
"94c9ad6c3539b8cd4cf6beb2ce1a4959713d2cfe","lib/l10n/app_sl.arb","3534","KUB8","localized-copy"
"94c9ad6c3539b8cd4cf6beb2ce1a4959713d2cfe","lib/l10n/app_sl.arb","3623","reward","localized-copy"
"94c9ad6c3539b8cd4cf6beb2ce1a4959713d2cfe","lib/l10n/app_sl.arb","3938","KUB8","localized-copy"
"94c9ad6c3539b8cd4cf6beb2ce1a4959713d2cfe","lib/l10n/app_sl.arb","4155","reward","localized-copy"
"94c9ad6c3539b8cd4cf6beb2ce1a4959713d2cfe","lib/l10n/app_sl.arb","4156","reward","localized-copy"
"94c9ad6c3539b8cd4cf6beb2ce1a4959713d2cfe","lib/l10n/app_sl.arb","4168","KUB8","localized-copy"
"94c9ad6c3539b8cd4cf6beb2ce1a4959713d2cfe","lib/l10n/app_sl.arb","4231","KUB8","localized-copy"
"94c9ad6c3539b8cd4cf6beb2ce1a4959713d2cfe","lib/l10n/app_sl.arb","4667","KUB8","localized-copy"
"94c9ad6c3539b8cd4cf6beb2ce1a4959713d2cfe","lib/l10n/app_sl.arb","4704","KUB8","localized-copy"
"94c9ad6c3539b8cd4cf6beb2ce1a4959713d2cfe","lib/l10n/app_sl.arb","5378","KUB8","localized-copy"
"94c9ad6c3539b8cd4cf6beb2ce1a4959713d2cfe","lib/l10n/app_sl.arb","5379","KUB8","localized-copy"
"94c9ad6c3539b8cd4cf6beb2ce1a4959713d2cfe","lib/l10n/app_sl.arb","5380","KUB8","localized-copy"
"94c9ad6c3539b8cd4cf6beb2ce1a4959713d2cfe","lib/l10n/app_sl.arb","5421","KUB8","localized-copy"
"94c9ad6c3539b8cd4cf6beb2ce1a4959713d2cfe","lib/l10n/app_sl.arb","5422","KUB8","localized-copy"
"94c9ad6c3539b8cd4cf6beb2ce1a4959713d2cfe","lib/l10n/app_sl.arb","5437","KUB8","localized-copy"
"94c9ad6c3539b8cd4cf6beb2ce1a4959713d2cfe","lib/l10n/app_sl.arb","5438","KUB8","localized-copy"
"94c9ad6c3539b8cd4cf6beb2ce1a4959713d2cfe","lib/l10n/app_sl.arb","5439","KUB8","localized-copy"
"94c9ad6c3539b8cd4cf6beb2ce1a4959713d2cfe","lib/l10n/app_sl.arb","5440","KUB8","localized-copy"
"94c9ad6c3539b8cd4cf6beb2ce1a4959713d2cfe","lib/l10n/app_sl.arb","5515","KUB8;reward","localized-copy"
"94c9ad6c3539b8cd4cf6beb2ce1a4959713d2cfe","lib/l10n/app_sl.arb","5516","reward","localized-copy"
"94c9ad6c3539b8cd4cf6beb2ce1a4959713d2cfe","lib/l10n/app_sl.arb","5651","reward","localized-copy"
"94c9ad6c3539b8cd4cf6beb2ce1a4959713d2cfe","lib/l10n/app_sl.arb","5669","reward","localized-copy"
"94c9ad6c3539b8cd4cf6beb2ce1a4959713d2cfe","lib/l10n/app_sl.arb","5670","KUB8;reward","localized-copy"
"94c9ad6c3539b8cd4cf6beb2ce1a4959713d2cfe","lib/l10n/app_sl.arb","5671","KUB8","localized-copy"
"94c9ad6c3539b8cd4cf6beb2ce1a4959713d2cfe","lib/l10n/app_sl.arb","5705","KUB8","localized-copy"
"94c9ad6c3539b8cd4cf6beb2ce1a4959713d2cfe","lib/l10n/app_sl.arb","5807","KUB8","localized-copy"
"94c9ad6c3539b8cd4cf6beb2ce1a4959713d2cfe","lib/l10n/app_sl.arb","5809","reward","localized-copy"
"94c9ad6c3539b8cd4cf6beb2ce1a4959713d2cfe","lib/l10n/app_sl.arb","5900","KUB8;reward","localized-copy"
"94c9ad6c3539b8cd4cf6beb2ce1a4959713d2cfe","lib/l10n/app_sl.arb","6305","KUB8","localized-copy"
"94c9ad6c3539b8cd4cf6beb2ce1a4959713d2cfe","lib/l10n/app_sl.arb","6306","KUB8","localized-copy"
"94c9ad6c3539b8cd4cf6beb2ce1a4959713d2cfe","lib/l10n/app_sl.arb","6592","KUB8","localized-copy"
"94c9ad6c3539b8cd4cf6beb2ce1a4959713d2cfe","lib/l10n/app_sl.arb","6646","KUB8","localized-copy"
"94c9ad6c3539b8cd4cf6beb2ce1a4959713d2cfe","lib/l10n/app_sl.arb","6664","KUB8","localized-copy"
"94c9ad6c3539b8cd4cf6beb2ce1a4959713d2cfe","lib/l10n/app_sl.arb.old","507","KUB8","localized-copy"
"94c9ad6c3539b8cd4cf6beb2ce1a4959713d2cfe","lib/l10n/app_sl.arb.old","531","KUB8","localized-copy"
"94c9ad6c3539b8cd4cf6beb2ce1a4959713d2cfe","lib/l10n/app_sl.arb.old","979","KUB8","localized-copy"
"94c9ad6c3539b8cd4cf6beb2ce1a4959713d2cfe","lib/l10n/app_sl.arb.old","982","KUB8","localized-copy"
"94c9ad6c3539b8cd4cf6beb2ce1a4959713d2cfe","lib/l10n/app_sl.arb.old","983","KUB8","localized-copy"
"94c9ad6c3539b8cd4cf6beb2ce1a4959713d2cfe","lib/l10n/app_sl.arb.old","1015","KUB8","localized-copy"
"94c9ad6c3539b8cd4cf6beb2ce1a4959713d2cfe","lib/l10n/app_sl.arb.old","1020","KUB8","localized-copy"
"94c9ad6c3539b8cd4cf6beb2ce1a4959713d2cfe","lib/l10n/app_sl.arb.old","1028","KUB8","localized-copy"
"94c9ad6c3539b8cd4cf6beb2ce1a4959713d2cfe","lib/l10n/app_sl.arb.old","1155","KUB8","localized-copy"
"94c9ad6c3539b8cd4cf6beb2ce1a4959713d2cfe","lib/l10n/app_sl.arb.old","1165","KUB8","localized-copy"
"94c9ad6c3539b8cd4cf6beb2ce1a4959713d2cfe","lib/l10n/app_sl.arb.old","1166","KUB8","localized-copy"
"94c9ad6c3539b8cd4cf6beb2ce1a4959713d2cfe","lib/l10n/app_sl.arb.old","1182","KUB8;reward","localized-copy"
"94c9ad6c3539b8cd4cf6beb2ce1a4959713d2cfe","lib/l10n/app_sl.arb.old","1183","KUB8;reward","localized-copy"
"94c9ad6c3539b8cd4cf6beb2ce1a4959713d2cfe","lib/l10n/app_sl.arb.old","1353","reward","localized-copy"
"94c9ad6c3539b8cd4cf6beb2ce1a4959713d2cfe","lib/l10n/app_sl.arb.old","1537","reward","localized-copy"
"94c9ad6c3539b8cd4cf6beb2ce1a4959713d2cfe","lib/l10n/app_sl.arb.old","2224","KUB8;reward","localized-copy"
"94c9ad6c3539b8cd4cf6beb2ce1a4959713d2cfe","lib/l10n/app_sl.arb.old","2225","KUB8;reward","localized-copy"
"94c9ad6c3539b8cd4cf6beb2ce1a4959713d2cfe","lib/l10n/app_sl.arb.old","2226","reward","localized-copy"
"94c9ad6c3539b8cd4cf6beb2ce1a4959713d2cfe","lib/l10n/app_sl.arb.old","2709","KUB8","localized-copy"
"94c9ad6c3539b8cd4cf6beb2ce1a4959713d2cfe","lib/l10n/app_sl.arb.old","2786","KUB8","localized-copy"
"94c9ad6c3539b8cd4cf6beb2ce1a4959713d2cfe","lib/l10n/app_sl.arb.old","2873","reward","localized-copy"
"94c9ad6c3539b8cd4cf6beb2ce1a4959713d2cfe","lib/l10n/app_sl.arb.old","3185","KUB8","localized-copy"
"94c9ad6c3539b8cd4cf6beb2ce1a4959713d2cfe","lib/l10n/app_sl.arb.old","3397","reward","localized-copy"
"94c9ad6c3539b8cd4cf6beb2ce1a4959713d2cfe","lib/l10n/app_sl.arb.old","3398","reward","localized-copy"
"94c9ad6c3539b8cd4cf6beb2ce1a4959713d2cfe","lib/l10n/app_sl.arb.old","3410","KUB8","localized-copy"
"94c9ad6c3539b8cd4cf6beb2ce1a4959713d2cfe","lib/l10n/app_sl.arb.old","3473","KUB8","localized-copy"
"94c9ad6c3539b8cd4cf6beb2ce1a4959713d2cfe","lib/l10n/app_sl.arb.old","3878","KUB8","localized-copy"
"94c9ad6c3539b8cd4cf6beb2ce1a4959713d2cfe","lib/l10n/app_sl.arb.old","3917","KUB8","localized-copy"
"94c9ad6c3539b8cd4cf6beb2ce1a4959713d2cfe","lib/l10n/app_sl.arb.old","4605","KUB8","localized-copy"
"94c9ad6c3539b8cd4cf6beb2ce1a4959713d2cfe","lib/l10n/app_sl.arb.old","4606","KUB8","localized-copy"
"94c9ad6c3539b8cd4cf6beb2ce1a4959713d2cfe","lib/l10n/app_sl.arb.old","4607","KUB8","localized-copy"
"94c9ad6c3539b8cd4cf6beb2ce1a4959713d2cfe","lib/l10n/app_sl.arb.old","4642","KUB8","localized-copy"
"94c9ad6c3539b8cd4cf6beb2ce1a4959713d2cfe","lib/l10n/app_sl.arb.old","4643","KUB8","localized-copy"
"94c9ad6c3539b8cd4cf6beb2ce1a4959713d2cfe","lib/models/achievements.dart","14","KUB8;kub8Reward;reward","explicit-economy-or-infrastructure-review"
"94c9ad6c3539b8cd4cf6beb2ce1a4959713d2cfe","lib/models/achievements.dart","29","KUB8;kub8Reward;reward","explicit-economy-or-infrastructure-review"
"94c9ad6c3539b8cd4cf6beb2ce1a4959713d2cfe","lib/models/achievements.dart","63","KUB8;kub8Reward;reward","explicit-economy-or-infrastructure-review"
"94c9ad6c3539b8cd4cf6beb2ce1a4959713d2cfe","lib/models/achievements.dart","64","KUB8;kub8Reward;reward","explicit-economy-or-infrastructure-review"
"94c9ad6c3539b8cd4cf6beb2ce1a4959713d2cfe","lib/models/achievements.dart","65","KUB8;reward","explicit-economy-or-infrastructure-review"
"94c9ad6c3539b8cd4cf6beb2ce1a4959713d2cfe","lib/models/achievements.dart","66","tokenReward;reward","explicit-economy-or-infrastructure-review"
"94c9ad6c3539b8cd4cf6beb2ce1a4959713d2cfe","lib/models/achievements.dart","67","tokenReward;reward","explicit-economy-or-infrastructure-review"
"94c9ad6c3539b8cd4cf6beb2ce1a4959713d2cfe","lib/models/achievements.dart","113","KUB8;kub8Reward;reward","explicit-economy-or-infrastructure-review"
"94c9ad6c3539b8cd4cf6beb2ce1a4959713d2cfe","lib/models/achievements.dart","114","reward","explicit-economy-or-infrastructure-review"
"94c9ad6c3539b8cd4cf6beb2ce1a4959713d2cfe","lib/models/achievements.dart","123","KUB8;kub8Reward;reward","explicit-economy-or-infrastructure-review"
"94c9ad6c3539b8cd4cf6beb2ce1a4959713d2cfe","lib/models/achievements.dart","124","KUB8;reward","explicit-economy-or-infrastructure-review"
"94c9ad6c3539b8cd4cf6beb2ce1a4959713d2cfe","lib/models/achievements.dart","136","KUB8;kub8Reward;reward","explicit-economy-or-infrastructure-review"
"94c9ad6c3539b8cd4cf6beb2ce1a4959713d2cfe","lib/models/achievements.dart","137","KUB8;kub8Reward;reward","explicit-economy-or-infrastructure-review"
"94c9ad6c3539b8cd4cf6beb2ce1a4959713d2cfe","lib/models/achievements.dart","139","reward","explicit-economy-or-infrastructure-review"
"94c9ad6c3539b8cd4cf6beb2ce1a4959713d2cfe","lib/models/achievements.dart","140","KUB8;reward","explicit-economy-or-infrastructure-review"
"94c9ad6c3539b8cd4cf6beb2ce1a4959713d2cfe","lib/models/achievements.dart","150","KUB8","explicit-economy-or-infrastructure-review"
"94c9ad6c3539b8cd4cf6beb2ce1a4959713d2cfe","lib/models/achievements.dart","156","KUB8","explicit-economy-or-infrastructure-review"
"94c9ad6c3539b8cd4cf6beb2ce1a4959713d2cfe","lib/models/achievements.dart","173","KUB8","explicit-economy-or-infrastructure-review"
"94c9ad6c3539b8cd4cf6beb2ce1a4959713d2cfe","lib/models/achievements.dart","174","KUB8","explicit-economy-or-infrastructure-review"
"94c9ad6c3539b8cd4cf6beb2ce1a4959713d2cfe","lib/models/achievements.dart","185","KUB8","explicit-economy-or-infrastructure-review"
"94c9ad6c3539b8cd4cf6beb2ce1a4959713d2cfe","lib/models/achievements.dart","191","KUB8","explicit-economy-or-infrastructure-review"
"94c9ad6c3539b8cd4cf6beb2ce1a4959713d2cfe","lib/models/achievements.dart","205","KUB8","explicit-economy-or-infrastructure-review"
"94c9ad6c3539b8cd4cf6beb2ce1a4959713d2cfe","lib/models/achievements.dart","206","KUB8","explicit-economy-or-infrastructure-review"
"94c9ad6c3539b8cd4cf6beb2ce1a4959713d2cfe","lib/models/achievements.dart","207","KUB8","explicit-economy-or-infrastructure-review"
"94c9ad6c3539b8cd4cf6beb2ce1a4959713d2cfe","lib/models/artwork.dart","102","KUB8;reward","cultural-presentation-review"
"94c9ad6c3539b8cd4cf6beb2ce1a4959713d2cfe","lib/models/artwork.dart","126","reward","cultural-presentation-review"
"94c9ad6c3539b8cd4cf6beb2ce1a4959713d2cfe","lib/models/artwork.dart","187","reward","cultural-presentation-review"
"94c9ad6c3539b8cd4cf6beb2ce1a4959713d2cfe","lib/models/artwork.dart","207","reward","cultural-presentation-review"
"94c9ad6c3539b8cd4cf6beb2ce1a4959713d2cfe","lib/models/artwork.dart","251","reward","cultural-presentation-review"
"94c9ad6c3539b8cd4cf6beb2ce1a4959713d2cfe","lib/models/artwork.dart","252","actualRewards;reward","cultural-presentation-review"
"94c9ad6c3539b8cd4cf6beb2ce1a4959713d2cfe","lib/models/artwork.dart","278","reward","cultural-presentation-review"
"94c9ad6c3539b8cd4cf6beb2ce1a4959713d2cfe","lib/models/artwork.dart","298","reward","cultural-presentation-review"
"94c9ad6c3539b8cd4cf6beb2ce1a4959713d2cfe","lib/models/artwork.dart","363","reward","cultural-presentation-review"
"94c9ad6c3539b8cd4cf6beb2ce1a4959713d2cfe","lib/models/artwork.dart","399","reward","cultural-presentation-review"
"94c9ad6c3539b8cd4cf6beb2ce1a4959713d2cfe","lib/models/artwork.dart","400","reward","cultural-presentation-review"
"94c9ad6c3539b8cd4cf6beb2ce1a4959713d2cfe","lib/models/artwork.dart","401","reward","cultural-presentation-review"
"94c9ad6c3539b8cd4cf6beb2ce1a4959713d2cfe","lib/models/artwork.dart","451","reward","cultural-presentation-review"
"94c9ad6c3539b8cd4cf6beb2ce1a4959713d2cfe","lib/models/artwork.dart","471","reward","cultural-presentation-review"
"94c9ad6c3539b8cd4cf6beb2ce1a4959713d2cfe","lib/models/artwork.dart","509","reward","cultural-presentation-review"
"94c9ad6c3539b8cd4cf6beb2ce1a4959713d2cfe","lib/models/artwork.dart","529","reward","cultural-presentation-review"
"94c9ad6c3539b8cd4cf6beb2ce1a4959713d2cfe","lib/models/collectible.dart","37","KUB8","explicit-economy-or-infrastructure-review"
"94c9ad6c3539b8cd4cf6beb2ce1a4959713d2cfe","lib/models/dao.dart","2","reward","explicit-economy-or-infrastructure-review"
"94c9ad6c3539b8cd4cf6beb2ce1a4959713d2cfe","lib/models/dao.dart","490","reward","explicit-economy-or-infrastructure-review"
"94c9ad6c3539b8cd4cf6beb2ce1a4959713d2cfe","lib/models/event.dart","195","KUB8;reward","legacy-or-context-review"
"94c9ad6c3539b8cd4cf6beb2ce1a4959713d2cfe","lib/models/event.dart","208","KUB8;reward","legacy-or-context-review"
"94c9ad6c3539b8cd4cf6beb2ce1a4959713d2cfe","lib/models/event.dart","217","KUB8;reward","legacy-or-context-review"
"94c9ad6c3539b8cd4cf6beb2ce1a4959713d2cfe","lib/models/event.dart","224","KUB8;reward","legacy-or-context-review"
"94c9ad6c3539b8cd4cf6beb2ce1a4959713d2cfe","lib/models/event.dart","225","reward","legacy-or-context-review"
"94c9ad6c3539b8cd4cf6beb2ce1a4959713d2cfe","lib/models/event.dart","226","reward","legacy-or-context-review"
"94c9ad6c3539b8cd4cf6beb2ce1a4959713d2cfe","lib/models/event.dart","255","KUB8","legacy-or-context-review"
"94c9ad6c3539b8cd4cf6beb2ce1a4959713d2cfe","lib/models/event.dart","270","KUB8","legacy-or-context-review"
"94c9ad6c3539b8cd4cf6beb2ce1a4959713d2cfe","lib/models/event.dart","324","KUB8","legacy-or-context-review"
"94c9ad6c3539b8cd4cf6beb2ce1a4959713d2cfe","lib/models/event.dart","325","KUB8","legacy-or-context-review"
"94c9ad6c3539b8cd4cf6beb2ce1a4959713d2cfe","lib/models/exhibition.dart","201","KUB8;reward","legacy-or-context-review"
"94c9ad6c3539b8cd4cf6beb2ce1a4959713d2cfe","lib/models/exhibition.dart","213","KUB8;reward","legacy-or-context-review"
"94c9ad6c3539b8cd4cf6beb2ce1a4959713d2cfe","lib/models/exhibition.dart","227","KUB8;reward","legacy-or-context-review"
"94c9ad6c3539b8cd4cf6beb2ce1a4959713d2cfe","lib/models/exhibition.dart","228","KUB8;reward","legacy-or-context-review"
"94c9ad6c3539b8cd4cf6beb2ce1a4959713d2cfe","lib/models/exhibition.dart","229","KUB8;reward","legacy-or-context-review"
"94c9ad6c3539b8cd4cf6beb2ce1a4959713d2cfe","lib/models/exhibition.dart","244","KUB8;reward","legacy-or-context-review"
"94c9ad6c3539b8cd4cf6beb2ce1a4959713d2cfe","lib/models/profile_package.dart","397","KUB8;kub8Reward;reward","legacy-or-context-review"
"94c9ad6c3539b8cd4cf6beb2ce1a4959713d2cfe","lib/models/promotion.dart","348","KUB8","explicit-economy-or-infrastructure-review"
"94c9ad6c3539b8cd4cf6beb2ce1a4959713d2cfe","lib/models/promotion.dart","350","KUB8","explicit-economy-or-infrastructure-review"
"94c9ad6c3539b8cd4cf6beb2ce1a4959713d2cfe","lib/models/promotion.dart","352","KUB8","explicit-economy-or-infrastructure-review"
"94c9ad6c3539b8cd4cf6beb2ce1a4959713d2cfe","lib/models/promotion.dart","360","KUB8","explicit-economy-or-infrastructure-review"
"94c9ad6c3539b8cd4cf6beb2ce1a4959713d2cfe","lib/models/promotion.dart","361","KUB8","explicit-economy-or-infrastructure-review"
"94c9ad6c3539b8cd4cf6beb2ce1a4959713d2cfe","lib/models/promotion.dart","365","KUB8","explicit-economy-or-infrastructure-review"
"94c9ad6c3539b8cd4cf6beb2ce1a4959713d2cfe","lib/models/promotion.dart","369","KUB8","explicit-economy-or-infrastructure-review"
"94c9ad6c3539b8cd4cf6beb2ce1a4959713d2cfe","lib/models/promotion.dart","370","KUB8","explicit-economy-or-infrastructure-review"
"94c9ad6c3539b8cd4cf6beb2ce1a4959713d2cfe","lib/models/promotion.dart","371","KUB8","explicit-economy-or-infrastructure-review"
"94c9ad6c3539b8cd4cf6beb2ce1a4959713d2cfe","lib/models/promotion.dart","382","KUB8","explicit-economy-or-infrastructure-review"
"94c9ad6c3539b8cd4cf6beb2ce1a4959713d2cfe","lib/models/promotion.dart","383","KUB8","explicit-economy-or-infrastructure-review"
"94c9ad6c3539b8cd4cf6beb2ce1a4959713d2cfe","lib/models/promotion.dart","582","KUB8","explicit-economy-or-infrastructure-review"
"94c9ad6c3539b8cd4cf6beb2ce1a4959713d2cfe","lib/models/promotion.dart","595","KUB8","explicit-economy-or-infrastructure-review"
"94c9ad6c3539b8cd4cf6beb2ce1a4959713d2cfe","lib/models/promotion.dart","642","KUB8","explicit-economy-or-infrastructure-review"
"94c9ad6c3539b8cd4cf6beb2ce1a4959713d2cfe","lib/models/promotion.dart","643","KUB8","explicit-economy-or-infrastructure-review"
"94c9ad6c3539b8cd4cf6beb2ce1a4959713d2cfe","lib/models/promotion.dart","804","KUB8","explicit-economy-or-infrastructure-review"
"94c9ad6c3539b8cd4cf6beb2ce1a4959713d2cfe","lib/models/promotion.dart","806","KUB8","explicit-economy-or-infrastructure-review"
"94c9ad6c3539b8cd4cf6beb2ce1a4959713d2cfe","lib/models/promotion.dart","809","KUB8","explicit-economy-or-infrastructure-review"
"94c9ad6c3539b8cd4cf6beb2ce1a4959713d2cfe","lib/models/promotion.dart","812","KUB8","explicit-economy-or-infrastructure-review"
"94c9ad6c3539b8cd4cf6beb2ce1a4959713d2cfe","lib/models/promotion.dart","813","KUB8","explicit-economy-or-infrastructure-review"
"94c9ad6c3539b8cd4cf6beb2ce1a4959713d2cfe","lib/models/promotion.dart","817","KUB8","explicit-economy-or-infrastructure-review"
"94c9ad6c3539b8cd4cf6beb2ce1a4959713d2cfe","lib/models/promotion.dart","819","KUB8","explicit-economy-or-infrastructure-review"
"94c9ad6c3539b8cd4cf6beb2ce1a4959713d2cfe","lib/models/promotion.dart","822","KUB8","explicit-economy-or-infrastructure-review"
"94c9ad6c3539b8cd4cf6beb2ce1a4959713d2cfe","lib/models/promotion.dart","824","KUB8","explicit-economy-or-infrastructure-review"
"94c9ad6c3539b8cd4cf6beb2ce1a4959713d2cfe","lib/models/promotion.dart","829","KUB8","explicit-economy-or-infrastructure-review"
"94c9ad6c3539b8cd4cf6beb2ce1a4959713d2cfe","lib/models/promotion.dart","830","KUB8","explicit-economy-or-infrastructure-review"
"94c9ad6c3539b8cd4cf6beb2ce1a4959713d2cfe","lib/models/promotion.dart","844","KUB8","explicit-economy-or-infrastructure-review"
"94c9ad6c3539b8cd4cf6beb2ce1a4959713d2cfe","lib/models/promotion.dart","846","KUB8","explicit-economy-or-infrastructure-review"
"94c9ad6c3539b8cd4cf6beb2ce1a4959713d2cfe","lib/models/promotion.dart","849","KUB8","explicit-economy-or-infrastructure-review"
"94c9ad6c3539b8cd4cf6beb2ce1a4959713d2cfe","lib/models/promotion.dart","851","KUB8","explicit-economy-or-infrastructure-review"
"94c9ad6c3539b8cd4cf6beb2ce1a4959713d2cfe","lib/models/promotion.dart","912","KUB8","explicit-economy-or-infrastructure-review"
"94c9ad6c3539b8cd4cf6beb2ce1a4959713d2cfe","lib/models/promotion.dart","916","KUB8","explicit-economy-or-infrastructure-review"
"94c9ad6c3539b8cd4cf6beb2ce1a4959713d2cfe","lib/models/promotion.dart","925","KUB8","explicit-economy-or-infrastructure-review"
"94c9ad6c3539b8cd4cf6beb2ce1a4959713d2cfe","lib/models/promotion.dart","935","KUB8","explicit-economy-or-infrastructure-review"
"94c9ad6c3539b8cd4cf6beb2ce1a4959713d2cfe","lib/models/promotion.dart","943","KUB8","explicit-economy-or-infrastructure-review"
"94c9ad6c3539b8cd4cf6beb2ce1a4959713d2cfe","lib/models/promotion.dart","964","KUB8","explicit-economy-or-infrastructure-review"
"94c9ad6c3539b8cd4cf6beb2ce1a4959713d2cfe","lib/models/promotion.dart","965","KUB8","explicit-economy-or-infrastructure-review"
"94c9ad6c3539b8cd4cf6beb2ce1a4959713d2cfe","lib/models/promotion.dart","966","KUB8","explicit-economy-or-infrastructure-review"
"94c9ad6c3539b8cd4cf6beb2ce1a4959713d2cfe","lib/models/promotion.dart","967","KUB8","explicit-economy-or-infrastructure-review"
"94c9ad6c3539b8cd4cf6beb2ce1a4959713d2cfe","lib/models/promotion.dart","975","KUB8","explicit-economy-or-infrastructure-review"
"94c9ad6c3539b8cd4cf6beb2ce1a4959713d2cfe","lib/models/promotion.dart","976","KUB8","explicit-economy-or-infrastructure-review"
"94c9ad6c3539b8cd4cf6beb2ce1a4959713d2cfe","lib/models/promotion.dart","977","KUB8","explicit-economy-or-infrastructure-review"
"94c9ad6c3539b8cd4cf6beb2ce1a4959713d2cfe","lib/models/promotion.dart","978","KUB8","explicit-economy-or-infrastructure-review"
"94c9ad6c3539b8cd4cf6beb2ce1a4959713d2cfe","lib/models/promotion.dart","987","KUB8","explicit-economy-or-infrastructure-review"
"94c9ad6c3539b8cd4cf6beb2ce1a4959713d2cfe","lib/models/promotion.dart","995","KUB8","explicit-economy-or-infrastructure-review"
"94c9ad6c3539b8cd4cf6beb2ce1a4959713d2cfe","lib/models/promotion.dart","996","KUB8","explicit-economy-or-infrastructure-review"
"94c9ad6c3539b8cd4cf6beb2ce1a4959713d2cfe","lib/models/promotion.dart","997","KUB8","explicit-economy-or-infrastructure-review"
"94c9ad6c3539b8cd4cf6beb2ce1a4959713d2cfe","lib/models/promotion.dart","998","KUB8","explicit-economy-or-infrastructure-review"
"94c9ad6c3539b8cd4cf6beb2ce1a4959713d2cfe","lib/models/promotion.dart","1022","KUB8","explicit-economy-or-infrastructure-review"
"94c9ad6c3539b8cd4cf6beb2ce1a4959713d2cfe","lib/models/promotion.dart","1042","KUB8","explicit-economy-or-infrastructure-review"
"94c9ad6c3539b8cd4cf6beb2ce1a4959713d2cfe","lib/models/promotion.dart","1058","KUB8","explicit-economy-or-infrastructure-review"
"94c9ad6c3539b8cd4cf6beb2ce1a4959713d2cfe","lib/models/promotion.dart","1059","KUB8","explicit-economy-or-infrastructure-review"
"94c9ad6c3539b8cd4cf6beb2ce1a4959713d2cfe","lib/models/promotion.dart","1111","KUB8","explicit-economy-or-infrastructure-review"
"94c9ad6c3539b8cd4cf6beb2ce1a4959713d2cfe","lib/models/promotion.dart","1112","KUB8","explicit-economy-or-infrastructure-review"
"94c9ad6c3539b8cd4cf6beb2ce1a4959713d2cfe","lib/models/promotion.dart","1113","KUB8","explicit-economy-or-infrastructure-review"
"94c9ad6c3539b8cd4cf6beb2ce1a4959713d2cfe","lib/models/promotion.dart","1224","KUB8","explicit-economy-or-infrastructure-review"
"94c9ad6c3539b8cd4cf6beb2ce1a4959713d2cfe","lib/models/promotion.dart","1256","KUB8","explicit-economy-or-infrastructure-review"
"94c9ad6c3539b8cd4cf6beb2ce1a4959713d2cfe","lib/models/promotion.dart","1343","KUB8","explicit-economy-or-infrastructure-review"
"94c9ad6c3539b8cd4cf6beb2ce1a4959713d2cfe","lib/models/promotion.dart","1344","KUB8","explicit-economy-or-infrastructure-review"
"94c9ad6c3539b8cd4cf6beb2ce1a4959713d2cfe","lib/models/promotion.dart","1345","KUB8","explicit-economy-or-infrastructure-review"
"94c9ad6c3539b8cd4cf6beb2ce1a4959713d2cfe","lib/models/promotion.dart","1346","KUB8","explicit-economy-or-infrastructure-review"
"94c9ad6c3539b8cd4cf6beb2ce1a4959713d2cfe","lib/models/promotion.dart","1347","KUB8","explicit-economy-or-infrastructure-review"
"94c9ad6c3539b8cd4cf6beb2ce1a4959713d2cfe","lib/models/promotion.dart","1403","KUB8","explicit-economy-or-infrastructure-review"
"94c9ad6c3539b8cd4cf6beb2ce1a4959713d2cfe","lib/models/promotion.dart","1404","KUB8","explicit-economy-or-infrastructure-review"
"94c9ad6c3539b8cd4cf6beb2ce1a4959713d2cfe","lib/models/promotion.dart","1421","KUB8","explicit-economy-or-infrastructure-review"
"94c9ad6c3539b8cd4cf6beb2ce1a4959713d2cfe","lib/models/promotion.dart","1423","KUB8","explicit-economy-or-infrastructure-review"
"94c9ad6c3539b8cd4cf6beb2ce1a4959713d2cfe","lib/models/promotion.dart","1432","KUB8","explicit-economy-or-infrastructure-review"
"94c9ad6c3539b8cd4cf6beb2ce1a4959713d2cfe","lib/models/promotion.dart","1450","KUB8","explicit-economy-or-infrastructure-review"
"94c9ad6c3539b8cd4cf6beb2ce1a4959713d2cfe","lib/models/promotion.dart","1460","KUB8","explicit-economy-or-infrastructure-review"
"94c9ad6c3539b8cd4cf6beb2ce1a4959713d2cfe","lib/models/promotion.dart","1461","KUB8","explicit-economy-or-infrastructure-review"
"94c9ad6c3539b8cd4cf6beb2ce1a4959713d2cfe","lib/models/promotion.dart","1462","KUB8","explicit-economy-or-infrastructure-review"
"94c9ad6c3539b8cd4cf6beb2ce1a4959713d2cfe","lib/models/promotion.dart","1463","KUB8","explicit-economy-or-infrastructure-review"
"94c9ad6c3539b8cd4cf6beb2ce1a4959713d2cfe","lib/models/promotion.dart","1464","KUB8","explicit-economy-or-infrastructure-review"
"94c9ad6c3539b8cd4cf6beb2ce1a4959713d2cfe","lib/models/recent_activity.dart","8","reward","legacy-or-context-review"
"94c9ad6c3539b8cd4cf6beb2ce1a4959713d2cfe","lib/models/recent_activity.dart","29","reward","legacy-or-context-review"
"94c9ad6c3539b8cd4cf6beb2ce1a4959713d2cfe","lib/models/recent_activity.dart","31","KUB8","legacy-or-context-review"
"94c9ad6c3539b8cd4cf6beb2ce1a4959713d2cfe","lib/models/recent_activity.dart","33","reward","legacy-or-context-review"
"94c9ad6c3539b8cd4cf6beb2ce1a4959713d2cfe","lib/models/user_profile.dart","432","KUB8","legacy-or-context-review"
"94c9ad6c3539b8cd4cf6beb2ce1a4959713d2cfe","lib/models/user_profile.dart","441","KUB8","legacy-or-context-review"
"94c9ad6c3539b8cd4cf6beb2ce1a4959713d2cfe","lib/models/user_profile.dart","453","KUB8","legacy-or-context-review"
"94c9ad6c3539b8cd4cf6beb2ce1a4959713d2cfe","lib/models/user_profile.dart","454","KUB8","legacy-or-context-review"
"94c9ad6c3539b8cd4cf6beb2ce1a4959713d2cfe","lib/models/user_profile.dart","467","KUB8","legacy-or-context-review"
"94c9ad6c3539b8cd4cf6beb2ce1a4959713d2cfe","lib/providers/artwork_drafts_provider.dart","99","reward","legacy-or-context-review"
"94c9ad6c3539b8cd4cf6beb2ce1a4959713d2cfe","lib/providers/artwork_drafts_provider.dart","265","reward","legacy-or-context-review"
"94c9ad6c3539b8cd4cf6beb2ce1a4959713d2cfe","lib/providers/artwork_drafts_provider.dart","287","reward","legacy-or-context-review"
"94c9ad6c3539b8cd4cf6beb2ce1a4959713d2cfe","lib/providers/artwork_drafts_provider.dart","549","reward","legacy-or-context-review"
"94c9ad6c3539b8cd4cf6beb2ce1a4959713d2cfe","lib/providers/artwork_drafts_provider.dart","657","reward","legacy-or-context-review"
"94c9ad6c3539b8cd4cf6beb2ce1a4959713d2cfe","lib/providers/artwork_provider.dart","365","reward","legacy-or-context-review"
"94c9ad6c3539b8cd4cf6beb2ce1a4959713d2cfe","lib/providers/artwork_provider.dart","411","reward","legacy-or-context-review"
"94c9ad6c3539b8cd4cf6beb2ce1a4959713d2cfe","lib/providers/attendance_provider.dart","83","KUB8","legacy-or-context-review"
"94c9ad6c3539b8cd4cf6beb2ce1a4959713d2cfe","lib/providers/attendance_provider.dart","93","KUB8","legacy-or-context-review"
"94c9ad6c3539b8cd4cf6beb2ce1a4959713d2cfe","lib/providers/attendance_provider.dart","174","KUB8","legacy-or-context-review"
"94c9ad6c3539b8cd4cf6beb2ce1a4959713d2cfe","lib/providers/availability_operator_provider.dart","63","KUB8","explicit-economy-or-infrastructure-review"
"94c9ad6c3539b8cd4cf6beb2ce1a4959713d2cfe","lib/providers/availability_operator_provider.dart","64","KUB8","explicit-economy-or-infrastructure-review"
"94c9ad6c3539b8cd4cf6beb2ce1a4959713d2cfe","lib/providers/availability_operator_provider.dart","65","reward","explicit-economy-or-infrastructure-review"
"94c9ad6c3539b8cd4cf6beb2ce1a4959713d2cfe","lib/providers/availability_operator_provider.dart","66","KUB8","explicit-economy-or-infrastructure-review"
"94c9ad6c3539b8cd4cf6beb2ce1a4959713d2cfe","lib/providers/availability_operator_provider.dart","67","KUB8","explicit-economy-or-infrastructure-review"
"94c9ad6c3539b8cd4cf6beb2ce1a4959713d2cfe","lib/providers/availability_operator_provider.dart","74","reward","explicit-economy-or-infrastructure-review"
"94c9ad6c3539b8cd4cf6beb2ce1a4959713d2cfe","lib/providers/availability_operator_provider.dart","75","reward","explicit-economy-or-infrastructure-review"
"94c9ad6c3539b8cd4cf6beb2ce1a4959713d2cfe","lib/providers/availability_operator_provider.dart","95","reward","explicit-economy-or-infrastructure-review"
"94c9ad6c3539b8cd4cf6beb2ce1a4959713d2cfe","lib/providers/availability_operator_provider.dart","96","reward","explicit-economy-or-infrastructure-review"
"94c9ad6c3539b8cd4cf6beb2ce1a4959713d2cfe","lib/providers/availability_operator_provider.dart","100","KUB8","explicit-economy-or-infrastructure-review"
"94c9ad6c3539b8cd4cf6beb2ce1a4959713d2cfe","lib/providers/availability_operator_provider.dart","101","KUB8","explicit-economy-or-infrastructure-review"
"94c9ad6c3539b8cd4cf6beb2ce1a4959713d2cfe","lib/providers/availability_operator_provider.dart","102","reward","explicit-economy-or-infrastructure-review"
"94c9ad6c3539b8cd4cf6beb2ce1a4959713d2cfe","lib/providers/availability_operator_provider.dart","103","KUB8","explicit-economy-or-infrastructure-review"
"94c9ad6c3539b8cd4cf6beb2ce1a4959713d2cfe","lib/providers/availability_operator_provider.dart","104","KUB8","explicit-economy-or-infrastructure-review"
"94c9ad6c3539b8cd4cf6beb2ce1a4959713d2cfe","lib/providers/availability_operator_provider.dart","115","reward","explicit-economy-or-infrastructure-review"
"94c9ad6c3539b8cd4cf6beb2ce1a4959713d2cfe","lib/providers/availability_operator_provider.dart","129","reward","explicit-economy-or-infrastructure-review"
"94c9ad6c3539b8cd4cf6beb2ce1a4959713d2cfe","lib/providers/availability_operator_provider.dart","130","reward","explicit-economy-or-infrastructure-review"
"94c9ad6c3539b8cd4cf6beb2ce1a4959713d2cfe","lib/providers/availability_operator_provider.dart","131","reward","explicit-economy-or-infrastructure-review"
"94c9ad6c3539b8cd4cf6beb2ce1a4959713d2cfe","lib/providers/availability_operator_provider.dart","132","reward","explicit-economy-or-infrastructure-review"
"94c9ad6c3539b8cd4cf6beb2ce1a4959713d2cfe","lib/providers/availability_operator_provider.dart","161","reward","explicit-economy-or-infrastructure-review"
"94c9ad6c3539b8cd4cf6beb2ce1a4959713d2cfe","lib/providers/availability_operator_provider.dart","162","reward","explicit-economy-or-infrastructure-review"
"94c9ad6c3539b8cd4cf6beb2ce1a4959713d2cfe","lib/providers/availability_operator_provider.dart","167","KUB8","explicit-economy-or-infrastructure-review"
"94c9ad6c3539b8cd4cf6beb2ce1a4959713d2cfe","lib/providers/availability_operator_provider.dart","168","KUB8","explicit-economy-or-infrastructure-review"
"94c9ad6c3539b8cd4cf6beb2ce1a4959713d2cfe","lib/providers/availability_operator_provider.dart","169","reward","explicit-economy-or-infrastructure-review"
"94c9ad6c3539b8cd4cf6beb2ce1a4959713d2cfe","lib/providers/availability_operator_provider.dart","170","KUB8","explicit-economy-or-infrastructure-review"
"94c9ad6c3539b8cd4cf6beb2ce1a4959713d2cfe","lib/providers/availability_operator_provider.dart","171","KUB8","explicit-economy-or-infrastructure-review"
"94c9ad6c3539b8cd4cf6beb2ce1a4959713d2cfe","lib/providers/availability_operator_provider.dart","341","reward","explicit-economy-or-infrastructure-review"
"94c9ad6c3539b8cd4cf6beb2ce1a4959713d2cfe","lib/providers/availability_operator_provider.dart","342","reward","explicit-economy-or-infrastructure-review"
"94c9ad6c3539b8cd4cf6beb2ce1a4959713d2cfe","lib/providers/collectibles_provider.dart","402","KUB8","explicit-economy-or-infrastructure-review"
"94c9ad6c3539b8cd4cf6beb2ce1a4959713d2cfe","lib/providers/collectibles_provider.dart","731","reward","explicit-economy-or-infrastructure-review"
"94c9ad6c3539b8cd4cf6beb2ce1a4959713d2cfe","lib/providers/collectibles_provider.dart","737","KUB8","explicit-economy-or-infrastructure-review"
"94c9ad6c3539b8cd4cf6beb2ce1a4959713d2cfe","lib/providers/collectibles_provider.dart","1069","KUB8","explicit-economy-or-infrastructure-review"
"94c9ad6c3539b8cd4cf6beb2ce1a4959713d2cfe","lib/providers/dao_provider.dart","616","KUB8","explicit-economy-or-infrastructure-review"
"94c9ad6c3539b8cd4cf6beb2ce1a4959713d2cfe","lib/providers/dao_provider.dart","617","KUB8","explicit-economy-or-infrastructure-review"
"94c9ad6c3539b8cd4cf6beb2ce1a4959713d2cfe","lib/providers/notification_provider.dart","857","reward","notification-semantics-review"
"94c9ad6c3539b8cd4cf6beb2ce1a4959713d2cfe","lib/providers/notification_provider.dart","858","reward","notification-semantics-review"
"94c9ad6c3539b8cd4cf6beb2ce1a4959713d2cfe","lib/providers/notification_provider.dart","868","reward","notification-semantics-review"
"94c9ad6c3539b8cd4cf6beb2ce1a4959713d2cfe","lib/providers/notification_provider.dart","893","rewardTokens;reward","notification-semantics-review"
"94c9ad6c3539b8cd4cf6beb2ce1a4959713d2cfe","lib/providers/profile_provider.dart","595","KUB8","legacy-or-context-review"
"94c9ad6c3539b8cd4cf6beb2ce1a4959713d2cfe","lib/providers/promotion_provider.dart","11","KUB8","explicit-economy-or-infrastructure-review"
"94c9ad6c3539b8cd4cf6beb2ce1a4959713d2cfe","lib/providers/promotion_provider.dart","12","KUB8","explicit-economy-or-infrastructure-review"
"94c9ad6c3539b8cd4cf6beb2ce1a4959713d2cfe","lib/providers/promotion_provider.dart","30","KUB8","explicit-economy-or-infrastructure-review"
"94c9ad6c3539b8cd4cf6beb2ce1a4959713d2cfe","lib/providers/promotion_provider.dart","31","KUB8","explicit-economy-or-infrastructure-review"
"94c9ad6c3539b8cd4cf6beb2ce1a4959713d2cfe","lib/providers/promotion_provider.dart","32","KUB8","explicit-economy-or-infrastructure-review"
"94c9ad6c3539b8cd4cf6beb2ce1a4959713d2cfe","lib/providers/promotion_provider.dart","39","KUB8","explicit-economy-or-infrastructure-review"
"94c9ad6c3539b8cd4cf6beb2ce1a4959713d2cfe","lib/providers/promotion_provider.dart","44","KUB8","explicit-economy-or-infrastructure-review"
"94c9ad6c3539b8cd4cf6beb2ce1a4959713d2cfe","lib/providers/promotion_provider.dart","49","KUB8","explicit-economy-or-infrastructure-review"
"94c9ad6c3539b8cd4cf6beb2ce1a4959713d2cfe","lib/providers/promotion_provider.dart","50","KUB8","explicit-economy-or-infrastructure-review"
"94c9ad6c3539b8cd4cf6beb2ce1a4959713d2cfe","lib/providers/promotion_provider.dart","54","KUB8","explicit-economy-or-infrastructure-review"
"94c9ad6c3539b8cd4cf6beb2ce1a4959713d2cfe","lib/providers/promotion_provider.dart","87","KUB8","explicit-economy-or-infrastructure-review"
"94c9ad6c3539b8cd4cf6beb2ce1a4959713d2cfe","lib/providers/promotion_provider.dart","88","KUB8","explicit-economy-or-infrastructure-review"
"94c9ad6c3539b8cd4cf6beb2ce1a4959713d2cfe","lib/providers/promotion_provider.dart","89","KUB8","explicit-economy-or-infrastructure-review"
"94c9ad6c3539b8cd4cf6beb2ce1a4959713d2cfe","lib/providers/promotion_provider.dart","92","KUB8","explicit-economy-or-infrastructure-review"
"94c9ad6c3539b8cd4cf6beb2ce1a4959713d2cfe","lib/providers/promotion_provider.dart","120","KUB8","explicit-economy-or-infrastructure-review"
"94c9ad6c3539b8cd4cf6beb2ce1a4959713d2cfe","lib/providers/promotion_provider.dart","123","KUB8","explicit-economy-or-infrastructure-review"
"94c9ad6c3539b8cd4cf6beb2ce1a4959713d2cfe","lib/providers/promotion_provider.dart","124","KUB8","explicit-economy-or-infrastructure-review"
"94c9ad6c3539b8cd4cf6beb2ce1a4959713d2cfe","lib/providers/promotion_provider.dart","144","KUB8","explicit-economy-or-infrastructure-review"
"94c9ad6c3539b8cd4cf6beb2ce1a4959713d2cfe","lib/providers/promotion_provider.dart","151","KUB8","explicit-economy-or-infrastructure-review"
"94c9ad6c3539b8cd4cf6beb2ce1a4959713d2cfe","lib/providers/promotion_provider.dart","152","KUB8","explicit-economy-or-infrastructure-review"
"94c9ad6c3539b8cd4cf6beb2ce1a4959713d2cfe","lib/providers/promotion_provider.dart","155","KUB8","explicit-economy-or-infrastructure-review"
"94c9ad6c3539b8cd4cf6beb2ce1a4959713d2cfe","lib/providers/promotion_provider.dart","162","KUB8","explicit-economy-or-infrastructure-review"
"94c9ad6c3539b8cd4cf6beb2ce1a4959713d2cfe","lib/providers/promotion_provider.dart","163","KUB8","explicit-economy-or-infrastructure-review"
"94c9ad6c3539b8cd4cf6beb2ce1a4959713d2cfe","lib/providers/promotion_provider.dart","164","KUB8","explicit-economy-or-infrastructure-review"
"94c9ad6c3539b8cd4cf6beb2ce1a4959713d2cfe","lib/providers/promotion_provider.dart","168","KUB8","explicit-economy-or-infrastructure-review"
"94c9ad6c3539b8cd4cf6beb2ce1a4959713d2cfe","lib/providers/promotion_provider.dart","173","KUB8","explicit-economy-or-infrastructure-review"
"94c9ad6c3539b8cd4cf6beb2ce1a4959713d2cfe","lib/providers/promotion_provider.dart","180","KUB8","explicit-economy-or-infrastructure-review"
"94c9ad6c3539b8cd4cf6beb2ce1a4959713d2cfe","lib/providers/promotion_provider.dart","194","KUB8","explicit-economy-or-infrastructure-review"
"94c9ad6c3539b8cd4cf6beb2ce1a4959713d2cfe","lib/providers/promotion_provider.dart","197","KUB8","explicit-economy-or-infrastructure-review"
"94c9ad6c3539b8cd4cf6beb2ce1a4959713d2cfe","lib/providers/promotion_provider.dart","208","KUB8","explicit-economy-or-infrastructure-review"
"94c9ad6c3539b8cd4cf6beb2ce1a4959713d2cfe","lib/providers/promotion_provider.dart","446","KUB8","explicit-economy-or-infrastructure-review"
"94c9ad6c3539b8cd4cf6beb2ce1a4959713d2cfe","lib/providers/promotion_provider.dart","451","KUB8","explicit-economy-or-infrastructure-review"
"94c9ad6c3539b8cd4cf6beb2ce1a4959713d2cfe","lib/providers/promotion_provider.dart","453","KUB8","explicit-economy-or-infrastructure-review"
"94c9ad6c3539b8cd4cf6beb2ce1a4959713d2cfe","lib/providers/promotion_provider.dart","456","KUB8","explicit-economy-or-infrastructure-review"
"94c9ad6c3539b8cd4cf6beb2ce1a4959713d2cfe","lib/providers/promotion_provider.dart","458","KUB8","explicit-economy-or-infrastructure-review"
"94c9ad6c3539b8cd4cf6beb2ce1a4959713d2cfe","lib/providers/promotion_provider.dart","459","KUB8","explicit-economy-or-infrastructure-review"
"94c9ad6c3539b8cd4cf6beb2ce1a4959713d2cfe","lib/providers/promotion_provider.dart","460","KUB8","explicit-economy-or-infrastructure-review"
"94c9ad6c3539b8cd4cf6beb2ce1a4959713d2cfe","lib/providers/promotion_provider.dart","465","KUB8","explicit-economy-or-infrastructure-review"
"94c9ad6c3539b8cd4cf6beb2ce1a4959713d2cfe","lib/providers/promotion_provider.dart","466","KUB8","explicit-economy-or-infrastructure-review"
"94c9ad6c3539b8cd4cf6beb2ce1a4959713d2cfe","lib/providers/promotion_provider.dart","477","KUB8","explicit-economy-or-infrastructure-review"
"94c9ad6c3539b8cd4cf6beb2ce1a4959713d2cfe","lib/providers/promotion_provider.dart","478","KUB8","explicit-economy-or-infrastructure-review"
"94c9ad6c3539b8cd4cf6beb2ce1a4959713d2cfe","lib/providers/promotion_provider.dart","479","KUB8","explicit-economy-or-infrastructure-review"
"94c9ad6c3539b8cd4cf6beb2ce1a4959713d2cfe","lib/providers/promotion_provider.dart","489","KUB8","explicit-economy-or-infrastructure-review"
"94c9ad6c3539b8cd4cf6beb2ce1a4959713d2cfe","lib/providers/promotion_provider.dart","492","KUB8","explicit-economy-or-infrastructure-review"
"94c9ad6c3539b8cd4cf6beb2ce1a4959713d2cfe","lib/providers/promotion_provider.dart","493","KUB8","explicit-economy-or-infrastructure-review"
"94c9ad6c3539b8cd4cf6beb2ce1a4959713d2cfe","lib/providers/promotion_provider.dart","494","KUB8","explicit-economy-or-infrastructure-review"
"94c9ad6c3539b8cd4cf6beb2ce1a4959713d2cfe","lib/providers/promotion_provider.dart","496","KUB8","explicit-economy-or-infrastructure-review"
"94c9ad6c3539b8cd4cf6beb2ce1a4959713d2cfe","lib/providers/promotion_provider.dart","504","KUB8","explicit-economy-or-infrastructure-review"
"94c9ad6c3539b8cd4cf6beb2ce1a4959713d2cfe","lib/providers/promotion_provider.dart","509","KUB8","explicit-economy-or-infrastructure-review"
"94c9ad6c3539b8cd4cf6beb2ce1a4959713d2cfe","lib/providers/promotion_provider.dart","510","KUB8","explicit-economy-or-infrastructure-review"
"94c9ad6c3539b8cd4cf6beb2ce1a4959713d2cfe","lib/providers/promotion_provider.dart","511","KUB8","explicit-economy-or-infrastructure-review"
"94c9ad6c3539b8cd4cf6beb2ce1a4959713d2cfe","lib/providers/promotion_provider.dart","513","KUB8","explicit-economy-or-infrastructure-review"
"94c9ad6c3539b8cd4cf6beb2ce1a4959713d2cfe","lib/providers/promotion_provider.dart","520","KUB8","explicit-economy-or-infrastructure-review"
"94c9ad6c3539b8cd4cf6beb2ce1a4959713d2cfe","lib/providers/promotion_provider.dart","521","KUB8","explicit-economy-or-infrastructure-review"
"94c9ad6c3539b8cd4cf6beb2ce1a4959713d2cfe","lib/providers/promotion_provider.dart","524","KUB8","explicit-economy-or-infrastructure-review"
"94c9ad6c3539b8cd4cf6beb2ce1a4959713d2cfe","lib/providers/promotion_provider.dart","525","KUB8","explicit-economy-or-infrastructure-review"
"94c9ad6c3539b8cd4cf6beb2ce1a4959713d2cfe","lib/providers/promotion_provider.dart","526","KUB8","explicit-economy-or-infrastructure-review"
"94c9ad6c3539b8cd4cf6beb2ce1a4959713d2cfe","lib/providers/promotion_provider.dart","527","KUB8","explicit-economy-or-infrastructure-review"
"94c9ad6c3539b8cd4cf6beb2ce1a4959713d2cfe","lib/providers/promotion_provider.dart","534","KUB8","explicit-economy-or-infrastructure-review"
"94c9ad6c3539b8cd4cf6beb2ce1a4959713d2cfe","lib/providers/promotion_provider.dart","535","KUB8","explicit-economy-or-infrastructure-review"
"94c9ad6c3539b8cd4cf6beb2ce1a4959713d2cfe","lib/providers/promotion_provider.dart","536","KUB8","explicit-economy-or-infrastructure-review"
"94c9ad6c3539b8cd4cf6beb2ce1a4959713d2cfe","lib/providers/promotion_provider.dart","545","KUB8","explicit-economy-or-infrastructure-review"
"94c9ad6c3539b8cd4cf6beb2ce1a4959713d2cfe","lib/providers/promotion_provider.dart","546","KUB8","explicit-economy-or-infrastructure-review"
"94c9ad6c3539b8cd4cf6beb2ce1a4959713d2cfe","lib/providers/promotion_provider.dart","547","KUB8","explicit-economy-or-infrastructure-review"
"94c9ad6c3539b8cd4cf6beb2ce1a4959713d2cfe","lib/providers/promotion_provider.dart","554","KUB8","explicit-economy-or-infrastructure-review"
"94c9ad6c3539b8cd4cf6beb2ce1a4959713d2cfe","lib/providers/promotion_provider.dart","555","KUB8","explicit-economy-or-infrastructure-review"
"94c9ad6c3539b8cd4cf6beb2ce1a4959713d2cfe","lib/providers/recent_activity_provider.dart","375","reward","notification-semantics-review"
"94c9ad6c3539b8cd4cf6beb2ce1a4959713d2cfe","lib/providers/recent_activity_provider.dart","416","reward","notification-semantics-review"
"94c9ad6c3539b8cd4cf6beb2ce1a4959713d2cfe","lib/providers/recent_activity_provider.dart","418","rewardTokens;reward","notification-semantics-review"
"94c9ad6c3539b8cd4cf6beb2ce1a4959713d2cfe","lib/providers/recent_activity_provider.dart","445","KUB8;rewardTokens;reward","notification-semantics-review"
"94c9ad6c3539b8cd4cf6beb2ce1a4959713d2cfe","lib/providers/spatial_library_provider.dart","618","KUB8","explicit-economy-or-infrastructure-review"
"94c9ad6c3539b8cd4cf6beb2ce1a4959713d2cfe","lib/providers/task_provider.dart","31","KUB8","legacy-or-context-review"
"94c9ad6c3539b8cd4cf6beb2ce1a4959713d2cfe","lib/providers/task_provider.dart","51","KUB8","legacy-or-context-review"
"94c9ad6c3539b8cd4cf6beb2ce1a4959713d2cfe","lib/providers/task_provider.dart","125","KUB8;kub8Reward;reward","legacy-or-context-review"
"94c9ad6c3539b8cd4cf6beb2ce1a4959713d2cfe","lib/providers/task_provider.dart","379","KUB8","legacy-or-context-review"
"94c9ad6c3539b8cd4cf6beb2ce1a4959713d2cfe","lib/providers/task_provider.dart","380","KUB8","legacy-or-context-review"
"94c9ad6c3539b8cd4cf6beb2ce1a4959713d2cfe","lib/providers/task_provider.dart","400","KUB8","legacy-or-context-review"
"94c9ad6c3539b8cd4cf6beb2ce1a4959713d2cfe","lib/providers/task_provider.dart","401","KUB8","legacy-or-context-review"
"94c9ad6c3539b8cd4cf6beb2ce1a4959713d2cfe","lib/providers/task_provider.dart","434","KUB8","legacy-or-context-review"
"94c9ad6c3539b8cd4cf6beb2ce1a4959713d2cfe","lib/providers/wallet_provider.dart","2079","KUB8","explicit-economy-or-infrastructure-review"
"94c9ad6c3539b8cd4cf6beb2ce1a4959713d2cfe","lib/providers/wallet_provider.dart","2081","KUB8","explicit-economy-or-infrastructure-review"
"94c9ad6c3539b8cd4cf6beb2ce1a4959713d2cfe","lib/providers/wallet_provider.dart","2086","KUB8","explicit-economy-or-infrastructure-review"
"94c9ad6c3539b8cd4cf6beb2ce1a4959713d2cfe","lib/providers/wallet_provider.dart","2502","KUB8","explicit-economy-or-infrastructure-review"
"94c9ad6c3539b8cd4cf6beb2ce1a4959713d2cfe","lib/providers/wallet_provider.dart","2504","KUB8","explicit-economy-or-infrastructure-review"
"94c9ad6c3539b8cd4cf6beb2ce1a4959713d2cfe","lib/providers/wallet_provider.dart","2506","KUB8","explicit-economy-or-infrastructure-review"
"94c9ad6c3539b8cd4cf6beb2ce1a4959713d2cfe","lib/providers/wallet_provider.dart","2508","KUB8","explicit-economy-or-infrastructure-review"
"94c9ad6c3539b8cd4cf6beb2ce1a4959713d2cfe","lib/providers/wallet_provider.dart","2512","KUB8","explicit-economy-or-infrastructure-review"
"94c9ad6c3539b8cd4cf6beb2ce1a4959713d2cfe","lib/providers/wallet_provider.dart","2930","KUB8","explicit-economy-or-infrastructure-review"
"94c9ad6c3539b8cd4cf6beb2ce1a4959713d2cfe","lib/providers/wallet_provider.dart","2931","KUB8","explicit-economy-or-infrastructure-review"
"94c9ad6c3539b8cd4cf6beb2ce1a4959713d2cfe","lib/providers/wallet_provider.dart","3354","KUB8","explicit-economy-or-infrastructure-review"
"94c9ad6c3539b8cd4cf6beb2ce1a4959713d2cfe","lib/providers/wallet_provider.dart","3357","KUB8","explicit-economy-or-infrastructure-review"
"94c9ad6c3539b8cd4cf6beb2ce1a4959713d2cfe","lib/providers/web3provider.dart","56","KUB8","legacy-or-context-review"
"94c9ad6c3539b8cd4cf6beb2ce1a4959713d2cfe","lib/providers/web3provider.dart","66","KUB8","legacy-or-context-review"
"94c9ad6c3539b8cd4cf6beb2ce1a4959713d2cfe","lib/providers/web3provider.dart","170","KUB8","legacy-or-context-review"
"94c9ad6c3539b8cd4cf6beb2ce1a4959713d2cfe","lib/providers/web3provider.dart","172","KUB8","legacy-or-context-review"
"94c9ad6c3539b8cd4cf6beb2ce1a4959713d2cfe","lib/providers/web3provider.dart","179","KUB8","legacy-or-context-review"
"94c9ad6c3539b8cd4cf6beb2ce1a4959713d2cfe","lib/providers/web3provider.dart","185","KUB8","legacy-or-context-review"
"94c9ad6c3539b8cd4cf6beb2ce1a4959713d2cfe","lib/providers/web3provider.dart","190","KUB8","legacy-or-context-review"
"94c9ad6c3539b8cd4cf6beb2ce1a4959713d2cfe","lib/screens/art/art_detail_screen.dart","803","reward","legacy-or-context-review"
"94c9ad6c3539b8cd4cf6beb2ce1a4959713d2cfe","lib/screens/art/art_detail_screen.dart","818","reward","legacy-or-context-review"
"94c9ad6c3539b8cd4cf6beb2ce1a4959713d2cfe","lib/screens/art/art_detail_screen.dart","819","reward","legacy-or-context-review"
"94c9ad6c3539b8cd4cf6beb2ce1a4959713d2cfe","lib/screens/art/art_detail_screen.dart","1384","KUB8","legacy-or-context-review"
"94c9ad6c3539b8cd4cf6beb2ce1a4959713d2cfe","lib/screens/art/art_detail_screen.dart","1385","KUB8","legacy-or-context-review"
"94c9ad6c3539b8cd4cf6beb2ce1a4959713d2cfe","lib/screens/art/art_detail_screen.dart","1404","reward","legacy-or-context-review"
"94c9ad6c3539b8cd4cf6beb2ce1a4959713d2cfe","lib/screens/community/community_screen_parts/community_screen_p4.dart","725","KUB8;kub8Reward;reward","legacy-or-context-review"
"94c9ad6c3539b8cd4cf6beb2ce1a4959713d2cfe","lib/screens/community/community_screen_parts/community_screen_p4.dart","726","reward","legacy-or-context-review"
"94c9ad6c3539b8cd4cf6beb2ce1a4959713d2cfe","lib/screens/community/profile_screen.dart","1874","KUB8","legacy-or-context-review"
"94c9ad6c3539b8cd4cf6beb2ce1a4959713d2cfe","lib/screens/community/profile_screen.dart","1875","KUB8","legacy-or-context-review"
"94c9ad6c3539b8cd4cf6beb2ce1a4959713d2cfe","lib/screens/desktop/art/desktop_artwork_detail_screen.dart","401","actualRewards;reward","cultural-presentation-review"
"94c9ad6c3539b8cd4cf6beb2ce1a4959713d2cfe","lib/screens/desktop/art/desktop_artwork_detail_screen.dart","404","actualRewards;reward","cultural-presentation-review"
"94c9ad6c3539b8cd4cf6beb2ce1a4959713d2cfe","lib/screens/desktop/art/desktop_artwork_detail_screen.dart","405","KUB8","cultural-presentation-review"
"94c9ad6c3539b8cd4cf6beb2ce1a4959713d2cfe","lib/screens/desktop/art/desktop_artwork_detail_screen.dart","757","reward","cultural-presentation-review"
"94c9ad6c3539b8cd4cf6beb2ce1a4959713d2cfe","lib/screens/desktop/art/desktop_artwork_detail_screen.dart","772","reward","cultural-presentation-review"
"94c9ad6c3539b8cd4cf6beb2ce1a4959713d2cfe","lib/screens/desktop/art/desktop_artwork_detail_screen.dart","773","reward","cultural-presentation-review"
"94c9ad6c3539b8cd4cf6beb2ce1a4959713d2cfe","lib/screens/desktop/art/desktop_artwork_detail_screen.dart","1095","KUB8","cultural-presentation-review"
"94c9ad6c3539b8cd4cf6beb2ce1a4959713d2cfe","lib/screens/desktop/art/desktop_artwork_detail_screen.dart","1096","KUB8","cultural-presentation-review"
"94c9ad6c3539b8cd4cf6beb2ce1a4959713d2cfe","lib/screens/desktop/art/desktop_artwork_detail_screen.dart","1115","reward","cultural-presentation-review"
"94c9ad6c3539b8cd4cf6beb2ce1a4959713d2cfe","lib/screens/desktop/community/desktop_community_screen_parts/desktop_community_screen_p5.dart","338","KUB8;kub8Reward;reward","legacy-or-context-review"
"94c9ad6c3539b8cd4cf6beb2ce1a4959713d2cfe","lib/screens/desktop/components/desktop_navigation.dart","802","KUB8","legacy-or-context-review"
"94c9ad6c3539b8cd4cf6beb2ce1a4959713d2cfe","lib/screens/desktop/components/desktop_navigation.dart","803","KUB8","legacy-or-context-review"
"94c9ad6c3539b8cd4cf6beb2ce1a4959713d2cfe","lib/screens/desktop/components/desktop_navigation.dart","804","KUB8","legacy-or-context-review"
"94c9ad6c3539b8cd4cf6beb2ce1a4959713d2cfe","lib/screens/desktop/components/desktop_navigation.dart","872","KUB8","legacy-or-context-review"
"94c9ad6c3539b8cd4cf6beb2ce1a4959713d2cfe","lib/screens/desktop/components/desktop_navigation.dart","883","KUB8","legacy-or-context-review"
"94c9ad6c3539b8cd4cf6beb2ce1a4959713d2cfe","lib/screens/desktop/desktop_home_screen.dart","987","KUB8","legacy-or-context-review"
"94c9ad6c3539b8cd4cf6beb2ce1a4959713d2cfe","lib/screens/desktop/desktop_home_screen.dart","988","KUB8","legacy-or-context-review"
"94c9ad6c3539b8cd4cf6beb2ce1a4959713d2cfe","lib/screens/desktop/desktop_home_screen.dart","996","KUB8","legacy-or-context-review"
"94c9ad6c3539b8cd4cf6beb2ce1a4959713d2cfe","lib/screens/desktop/desktop_home_screen.dart","1028","KUB8","legacy-or-context-review"
"94c9ad6c3539b8cd4cf6beb2ce1a4959713d2cfe","lib/screens/desktop/desktop_map_screen.dart","3281","actualRewards;reward","cultural-presentation-review"
"94c9ad6c3539b8cd4cf6beb2ce1a4959713d2cfe","lib/screens/desktop/desktop_map_screen.dart","3284","actualRewards;reward","cultural-presentation-review"
"94c9ad6c3539b8cd4cf6beb2ce1a4959713d2cfe","lib/screens/desktop/desktop_map_screen.dart","3285","KUB8","cultural-presentation-review"
"94c9ad6c3539b8cd4cf6beb2ce1a4959713d2cfe","lib/screens/desktop/desktop_map_screen.dart","3491","reward","cultural-presentation-review"
"94c9ad6c3539b8cd4cf6beb2ce1a4959713d2cfe","lib/screens/desktop/desktop_map_screen.dart","3492","reward","cultural-presentation-review"
"94c9ad6c3539b8cd4cf6beb2ce1a4959713d2cfe","lib/screens/desktop/desktop_map_screen.dart","3493","reward","cultural-presentation-review"
"94c9ad6c3539b8cd4cf6beb2ce1a4959713d2cfe","lib/screens/desktop/desktop_map_screen.dart","3494","reward","cultural-presentation-review"
"94c9ad6c3539b8cd4cf6beb2ce1a4959713d2cfe","lib/screens/desktop/desktop_map_screen.dart","3509","reward","cultural-presentation-review"
"94c9ad6c3539b8cd4cf6beb2ce1a4959713d2cfe","lib/screens/desktop/desktop_map_screen.dart","3510","KUB8;reward","cultural-presentation-review"
"94c9ad6c3539b8cd4cf6beb2ce1a4959713d2cfe","lib/screens/desktop/desktop_map_screen.dart","3740","KUB8;reward","cultural-presentation-review"
"94c9ad6c3539b8cd4cf6beb2ce1a4959713d2cfe","lib/screens/desktop/desktop_map_screen.dart","3741","KUB8;reward","cultural-presentation-review"
"94c9ad6c3539b8cd4cf6beb2ce1a4959713d2cfe","lib/screens/desktop/desktop_map_screen.dart","4639","reward","cultural-presentation-review"
"94c9ad6c3539b8cd4cf6beb2ce1a4959713d2cfe","lib/screens/desktop/desktop_settings_screen_parts/desktop_settings_screen_p3.dart","322","KUB8","legacy-or-context-review"
"94c9ad6c3539b8cd4cf6beb2ce1a4959713d2cfe","lib/screens/desktop/desktop_settings_screen_parts/desktop_settings_screen_p3.dart","325","tokenReward;reward","legacy-or-context-review"
"94c9ad6c3539b8cd4cf6beb2ce1a4959713d2cfe","lib/screens/desktop/desktop_settings_screen_parts/desktop_settings_screen_p3.dart","383","KUB8","legacy-or-context-review"
"94c9ad6c3539b8cd4cf6beb2ce1a4959713d2cfe","lib/screens/desktop/desktop_settings_screen_parts/desktop_settings_screen_p3.dart","384","KUB8","legacy-or-context-review"
"94c9ad6c3539b8cd4cf6beb2ce1a4959713d2cfe","lib/screens/desktop/desktop_settings_screen_parts/desktop_settings_screen_p3.dart","436","KUB8;tokenReward;reward","legacy-or-context-review"
"94c9ad6c3539b8cd4cf6beb2ce1a4959713d2cfe","lib/screens/desktop/web3/desktop_artist_studio_screen.dart","789","KUB8","legacy-or-context-review"
"94c9ad6c3539b8cd4cf6beb2ce1a4959713d2cfe","lib/screens/desktop/web3/desktop_artist_studio_screen.dart","794","KUB8","legacy-or-context-review"
"94c9ad6c3539b8cd4cf6beb2ce1a4959713d2cfe","lib/screens/desktop/web3/desktop_artist_studio_screen.dart","795","KUB8","legacy-or-context-review"
"94c9ad6c3539b8cd4cf6beb2ce1a4959713d2cfe","lib/screens/desktop/web3/desktop_artist_studio_screen.dart","835","KUB8","legacy-or-context-review"
"94c9ad6c3539b8cd4cf6beb2ce1a4959713d2cfe","lib/screens/desktop/web3/desktop_governance_hub_screen.dart","239","KUB8","explicit-economy-or-infrastructure-review"
"94c9ad6c3539b8cd4cf6beb2ce1a4959713d2cfe","lib/screens/desktop/web3/desktop_governance_hub_screen.dart","298","KUB8","explicit-economy-or-infrastructure-review"
"94c9ad6c3539b8cd4cf6beb2ce1a4959713d2cfe","lib/screens/desktop/web3/desktop_governance_hub_screen.dart","328","KUB8","explicit-economy-or-infrastructure-review"
"94c9ad6c3539b8cd4cf6beb2ce1a4959713d2cfe","lib/screens/desktop/web3/desktop_institution_hub_screen.dart","815","KUB8","legacy-or-context-review"
"94c9ad6c3539b8cd4cf6beb2ce1a4959713d2cfe","lib/screens/desktop/web3/desktop_institution_hub_screen.dart","816","KUB8","legacy-or-context-review"
"94c9ad6c3539b8cd4cf6beb2ce1a4959713d2cfe","lib/screens/desktop/web3/desktop_institution_hub_screen.dart","856","KUB8","legacy-or-context-review"
"94c9ad6c3539b8cd4cf6beb2ce1a4959713d2cfe","lib/screens/desktop/web3/desktop_marketplace_screen.dart","634","KUB8","explicit-economy-or-infrastructure-review"
"94c9ad6c3539b8cd4cf6beb2ce1a4959713d2cfe","lib/screens/desktop/web3/desktop_wallet_screen.dart","497","KUB8","explicit-economy-or-infrastructure-review"
"94c9ad6c3539b8cd4cf6beb2ce1a4959713d2cfe","lib/screens/desktop/web3/desktop_wallet_screen.dart","498","KUB8","explicit-economy-or-infrastructure-review"
"94c9ad6c3539b8cd4cf6beb2ce1a4959713d2cfe","lib/screens/desktop/web3/desktop_wallet_screen.dart","499","KUB8","explicit-economy-or-infrastructure-review"
"94c9ad6c3539b8cd4cf6beb2ce1a4959713d2cfe","lib/screens/desktop/web3/desktop_wallet_screen.dart","612","KUB8","explicit-economy-or-infrastructure-review"
"94c9ad6c3539b8cd4cf6beb2ce1a4959713d2cfe","lib/screens/desktop/web3/desktop_wallet_screen.dart","613","KUB8","explicit-economy-or-infrastructure-review"
"94c9ad6c3539b8cd4cf6beb2ce1a4959713d2cfe","lib/screens/events/event_detail_screen.dart","923","KUB8;reward","legacy-or-context-review"
"94c9ad6c3539b8cd4cf6beb2ce1a4959713d2cfe","lib/screens/events/event_detail_screen.dart","924","KUB8;reward","legacy-or-context-review"
"94c9ad6c3539b8cd4cf6beb2ce1a4959713d2cfe","lib/screens/events/event_detail_screen.dart","1256","reward","legacy-or-context-review"
"94c9ad6c3539b8cd4cf6beb2ce1a4959713d2cfe","lib/screens/events/event_detail_screen.dart","1257","KUB8;reward","legacy-or-context-review"
"94c9ad6c3539b8cd4cf6beb2ce1a4959713d2cfe","lib/screens/events/exhibition_creator_screen.dart","154","reward","legacy-or-context-review"
"94c9ad6c3539b8cd4cf6beb2ce1a4959713d2cfe","lib/screens/events/exhibition_creator_screen.dart","155","KUB8;reward","legacy-or-context-review"
"94c9ad6c3539b8cd4cf6beb2ce1a4959713d2cfe","lib/screens/events/exhibition_detail_screen.dart","1035","KUB8","legacy-or-context-review"
"94c9ad6c3539b8cd4cf6beb2ce1a4959713d2cfe","lib/screens/events/exhibition_detail_screen.dart","1036","KUB8","legacy-or-context-review"
"94c9ad6c3539b8cd4cf6beb2ce1a4959713d2cfe","lib/screens/events/exhibition_detail_screen.dart","1050","reward","legacy-or-context-review"
"94c9ad6c3539b8cd4cf6beb2ce1a4959713d2cfe","lib/screens/events/exhibition_detail_screen.dart","1689","KUB8;reward","legacy-or-context-review"
"94c9ad6c3539b8cd4cf6beb2ce1a4959713d2cfe","lib/screens/events/exhibition_detail_screen.dart","1690","KUB8;reward","legacy-or-context-review"
"94c9ad6c3539b8cd4cf6beb2ce1a4959713d2cfe","lib/screens/home_screen.dart","1209","KUB8","legacy-or-context-review"
"94c9ad6c3539b8cd4cf6beb2ce1a4959713d2cfe","lib/screens/home_screen.dart","1210","KUB8","legacy-or-context-review"
"94c9ad6c3539b8cd4cf6beb2ce1a4959713d2cfe","lib/screens/home_screen.dart","1211","KUB8","legacy-or-context-review"
"94c9ad6c3539b8cd4cf6beb2ce1a4959713d2cfe","lib/screens/home_screen.dart","1214","KUB8","legacy-or-context-review"
"94c9ad6c3539b8cd4cf6beb2ce1a4959713d2cfe","lib/screens/home_screen.dart","1233","KUB8","legacy-or-context-review"
"94c9ad6c3539b8cd4cf6beb2ce1a4959713d2cfe","lib/screens/home_screen.dart","1305","KUB8","legacy-or-context-review"
"94c9ad6c3539b8cd4cf6beb2ce1a4959713d2cfe","lib/screens/map_markers/manage_markers_screen.dart","93","reward","legacy-or-context-review"
"94c9ad6c3539b8cd4cf6beb2ce1a4959713d2cfe","lib/screens/map_markers/marker_editor_view.dart","722","reward","legacy-or-context-review"
"94c9ad6c3539b8cd4cf6beb2ce1a4959713d2cfe","lib/screens/node/kubus_node_screen.dart","835","KUB8","explicit-economy-or-infrastructure-review"
"94c9ad6c3539b8cd4cf6beb2ce1a4959713d2cfe","lib/screens/node/kubus_node_screen.dart","836","KUB8","explicit-economy-or-infrastructure-review"
"94c9ad6c3539b8cd4cf6beb2ce1a4959713d2cfe","lib/screens/node/kubus_node_screen.dart","858","KUB8","explicit-economy-or-infrastructure-review"
"94c9ad6c3539b8cd4cf6beb2ce1a4959713d2cfe","lib/screens/node/kubus_node_screen.dart","862","KUB8","explicit-economy-or-infrastructure-review"
"94c9ad6c3539b8cd4cf6beb2ce1a4959713d2cfe","lib/screens/node/kubus_node_screen.dart","866","KUB8","explicit-economy-or-infrastructure-review"
"94c9ad6c3539b8cd4cf6beb2ce1a4959713d2cfe","lib/screens/season0/season0_screen.dart","92","KUB8","legacy-or-context-review"
"94c9ad6c3539b8cd4cf6beb2ce1a4959713d2cfe","lib/screens/settings/availability_node_operator_screen.dart","248","reward","explicit-economy-or-infrastructure-review"
"94c9ad6c3539b8cd4cf6beb2ce1a4959713d2cfe","lib/screens/settings/availability_node_operator_screen.dart","288","reward","explicit-economy-or-infrastructure-review"
"94c9ad6c3539b8cd4cf6beb2ce1a4959713d2cfe","lib/screens/settings/availability_node_operator_screen.dart","580","reward","explicit-economy-or-infrastructure-review"
"94c9ad6c3539b8cd4cf6beb2ce1a4959713d2cfe","lib/screens/settings/availability_node_operator_screen.dart","581","reward","explicit-economy-or-infrastructure-review"
"94c9ad6c3539b8cd4cf6beb2ce1a4959713d2cfe","lib/screens/settings/availability_node_operator_screen.dart","588","reward","explicit-economy-or-infrastructure-review"
"94c9ad6c3539b8cd4cf6beb2ce1a4959713d2cfe","lib/screens/settings/availability_node_operator_screen.dart","589","reward","explicit-economy-or-infrastructure-review"
"94c9ad6c3539b8cd4cf6beb2ce1a4959713d2cfe","lib/screens/settings/availability_node_operator_screen.dart","593","KUB8","explicit-economy-or-infrastructure-review"
"94c9ad6c3539b8cd4cf6beb2ce1a4959713d2cfe","lib/screens/settings/availability_node_operator_screen.dart","595","KUB8","explicit-economy-or-infrastructure-review"
"94c9ad6c3539b8cd4cf6beb2ce1a4959713d2cfe","lib/screens/settings/availability_node_operator_screen.dart","597","KUB8","explicit-economy-or-infrastructure-review"
"94c9ad6c3539b8cd4cf6beb2ce1a4959713d2cfe","lib/screens/settings/availability_node_operator_screen.dart","891","KUB8","explicit-economy-or-infrastructure-review"
"94c9ad6c3539b8cd4cf6beb2ce1a4959713d2cfe","lib/screens/settings/availability_node_operator_screen.dart","892","KUB8","explicit-economy-or-infrastructure-review"
"94c9ad6c3539b8cd4cf6beb2ce1a4959713d2cfe","lib/screens/settings/availability_node_operator_screen.dart","904","reward","explicit-economy-or-infrastructure-review"
"94c9ad6c3539b8cd4cf6beb2ce1a4959713d2cfe","lib/screens/settings_screen_parts/settings_screen_p1.dart","215","KUB8","legacy-or-context-review"
"94c9ad6c3539b8cd4cf6beb2ce1a4959713d2cfe","lib/screens/settings_screen_parts/settings_screen_p1.dart","216","KUB8","legacy-or-context-review"
"94c9ad6c3539b8cd4cf6beb2ce1a4959713d2cfe","lib/screens/settings_screen_parts/settings_screen_p1.dart","217","KUB8","legacy-or-context-review"
"94c9ad6c3539b8cd4cf6beb2ce1a4959713d2cfe","lib/screens/settings_screen_parts/settings_screen_p1.dart","218","KUB8","legacy-or-context-review"
"94c9ad6c3539b8cd4cf6beb2ce1a4959713d2cfe","lib/screens/settings_screen_parts/settings_screen_p1.dart","221","KUB8","legacy-or-context-review"
"94c9ad6c3539b8cd4cf6beb2ce1a4959713d2cfe","lib/screens/settings_screen_parts/settings_screen_p1.dart","239","KUB8","legacy-or-context-review"
"94c9ad6c3539b8cd4cf6beb2ce1a4959713d2cfe","lib/screens/web3/achievements/achievements_page.dart","40","KUB8","explicit-economy-or-infrastructure-review"
"94c9ad6c3539b8cd4cf6beb2ce1a4959713d2cfe","lib/screens/web3/achievements/achievements_page.dart","209","KUB8","explicit-economy-or-infrastructure-review"
"94c9ad6c3539b8cd4cf6beb2ce1a4959713d2cfe","lib/screens/web3/achievements/achievements_page.dart","294","KUB8;kub8Reward;reward","explicit-economy-or-infrastructure-review"
"94c9ad6c3539b8cd4cf6beb2ce1a4959713d2cfe","lib/screens/web3/artist/artwork_creator_screen.dart","72","reward","legacy-or-context-review"
"94c9ad6c3539b8cd4cf6beb2ce1a4959713d2cfe","lib/screens/web3/artist/artwork_creator_screen.dart","105","reward","legacy-or-context-review"
"94c9ad6c3539b8cd4cf6beb2ce1a4959713d2cfe","lib/screens/web3/artist/artwork_creator_screen.dart","126","reward","legacy-or-context-review"
"94c9ad6c3539b8cd4cf6beb2ce1a4959713d2cfe","lib/screens/web3/artist/artwork_creator_screen.dart","201","reward","legacy-or-context-review"
"94c9ad6c3539b8cd4cf6beb2ce1a4959713d2cfe","lib/screens/web3/artist/artwork_creator_screen.dart","1172","KUB8","legacy-or-context-review"
"94c9ad6c3539b8cd4cf6beb2ce1a4959713d2cfe","lib/screens/web3/artist/artwork_creator_screen.dart","1292","reward","legacy-or-context-review"
"94c9ad6c3539b8cd4cf6beb2ce1a4959713d2cfe","lib/screens/web3/artist/artwork_creator_screen.dart","1301","reward","legacy-or-context-review"
"94c9ad6c3539b8cd4cf6beb2ce1a4959713d2cfe","lib/screens/web3/dao/governance_hub.dart","401","KUB8","explicit-economy-or-infrastructure-review"
"94c9ad6c3539b8cd4cf6beb2ce1a4959713d2cfe","lib/screens/web3/dao/governance_hub.dart","402","KUB8","explicit-economy-or-infrastructure-review"
"94c9ad6c3539b8cd4cf6beb2ce1a4959713d2cfe","lib/screens/web3/dao/governance_hub.dart","1472","reward","explicit-economy-or-infrastructure-review"
"94c9ad6c3539b8cd4cf6beb2ce1a4959713d2cfe","lib/screens/web3/dao/governance_hub.dart","1473","reward","explicit-economy-or-infrastructure-review"
"94c9ad6c3539b8cd4cf6beb2ce1a4959713d2cfe","lib/screens/web3/dao/governance_hub.dart","1530","KUB8","explicit-economy-or-infrastructure-review"
"94c9ad6c3539b8cd4cf6beb2ce1a4959713d2cfe","lib/screens/web3/dao/governance_hub.dart","2002","reward","explicit-economy-or-infrastructure-review"
"94c9ad6c3539b8cd4cf6beb2ce1a4959713d2cfe","lib/screens/web3/dao/governance_hub.dart","2145","KUB8","explicit-economy-or-infrastructure-review"
"94c9ad6c3539b8cd4cf6beb2ce1a4959713d2cfe","lib/screens/web3/dao/governance_hub.dart","2161","KUB8","explicit-economy-or-infrastructure-review"
"94c9ad6c3539b8cd4cf6beb2ce1a4959713d2cfe","lib/screens/web3/dao/governance_hub.dart","2167","KUB8","explicit-economy-or-infrastructure-review"
"94c9ad6c3539b8cd4cf6beb2ce1a4959713d2cfe","lib/screens/web3/dao/governance_hub.dart","2262","reward","explicit-economy-or-infrastructure-review"
"94c9ad6c3539b8cd4cf6beb2ce1a4959713d2cfe","lib/screens/web3/dao/governance_hub.dart","2276","reward","explicit-economy-or-infrastructure-review"
"94c9ad6c3539b8cd4cf6beb2ce1a4959713d2cfe","lib/screens/web3/dao/governance_hub.dart","2281","reward","explicit-economy-or-infrastructure-review"
"94c9ad6c3539b8cd4cf6beb2ce1a4959713d2cfe","lib/screens/web3/dao/governance_hub.dart","2363","reward","explicit-economy-or-infrastructure-review"
"94c9ad6c3539b8cd4cf6beb2ce1a4959713d2cfe","lib/screens/web3/dao/governance_hub.dart","2534","KUB8","explicit-economy-or-infrastructure-review"
"94c9ad6c3539b8cd4cf6beb2ce1a4959713d2cfe","lib/screens/web3/dao/governance_hub.dart","2743","KUB8","explicit-economy-or-infrastructure-review"
"94c9ad6c3539b8cd4cf6beb2ce1a4959713d2cfe","lib/screens/web3/dao/governance_hub.dart","2777","KUB8","explicit-economy-or-infrastructure-review"
"94c9ad6c3539b8cd4cf6beb2ce1a4959713d2cfe","lib/screens/web3/institution/event_creator.dart","170","reward","legacy-or-context-review"
"94c9ad6c3539b8cd4cf6beb2ce1a4959713d2cfe","lib/screens/web3/institution/event_creator.dart","171","KUB8;reward","legacy-or-context-review"
"94c9ad6c3539b8cd4cf6beb2ce1a4959713d2cfe","lib/screens/web3/institution/event_creator.dart","1558","reward","legacy-or-context-review"
"94c9ad6c3539b8cd4cf6beb2ce1a4959713d2cfe","lib/screens/web3/marketplace/marketplace.dart","1004","KUB8","explicit-economy-or-infrastructure-review"
"94c9ad6c3539b8cd4cf6beb2ce1a4959713d2cfe","lib/screens/web3/marketplace/marketplace.dart","1455","KUB8","explicit-economy-or-infrastructure-review"
"94c9ad6c3539b8cd4cf6beb2ce1a4959713d2cfe","lib/screens/web3/wallet/receive_token_screen.dart","25","KUB8","explicit-economy-or-infrastructure-review"
"94c9ad6c3539b8cd4cf6beb2ce1a4959713d2cfe","lib/screens/web3/wallet/send_token_screen.dart","35","KUB8","explicit-economy-or-infrastructure-review"
"94c9ad6c3539b8cd4cf6beb2ce1a4959713d2cfe","lib/screens/web3/wallet/send_token_screen.dart","1004","KUB8","explicit-economy-or-infrastructure-review"
"94c9ad6c3539b8cd4cf6beb2ce1a4959713d2cfe","lib/screens/web3/wallet/send_token_screen.dart","1005","KUB8","explicit-economy-or-infrastructure-review"
"94c9ad6c3539b8cd4cf6beb2ce1a4959713d2cfe","lib/screens/web3/wallet/send_token_screen.dart","1006","KUB8","explicit-economy-or-infrastructure-review"
"94c9ad6c3539b8cd4cf6beb2ce1a4959713d2cfe","lib/screens/web3/wallet/send_token_screen.dart","1007","KUB8","explicit-economy-or-infrastructure-review"
"94c9ad6c3539b8cd4cf6beb2ce1a4959713d2cfe","lib/screens/web3/wallet/send_token_screen.dart","1008","KUB8","explicit-economy-or-infrastructure-review"
"94c9ad6c3539b8cd4cf6beb2ce1a4959713d2cfe","lib/screens/web3/wallet/send_token_screen.dart","1009","KUB8","explicit-economy-or-infrastructure-review"
"94c9ad6c3539b8cd4cf6beb2ce1a4959713d2cfe","lib/screens/web3/wallet/send_token_screen.dart","1033","KUB8","explicit-economy-or-infrastructure-review"
"94c9ad6c3539b8cd4cf6beb2ce1a4959713d2cfe","lib/screens/web3/wallet/send_token_screen.dart","1087","KUB8","explicit-economy-or-infrastructure-review"
"94c9ad6c3539b8cd4cf6beb2ce1a4959713d2cfe","lib/screens/web3/wallet/wallet_home.dart","369","KUB8","explicit-economy-or-infrastructure-review"
"94c9ad6c3539b8cd4cf6beb2ce1a4959713d2cfe","lib/screens/web3/wallet/wallet_home.dart","373","KUB8","explicit-economy-or-infrastructure-review"
"94c9ad6c3539b8cd4cf6beb2ce1a4959713d2cfe","lib/screens/web3/wallet/wallet_home.dart","377","KUB8","explicit-economy-or-infrastructure-review"
"94c9ad6c3539b8cd4cf6beb2ce1a4959713d2cfe","lib/screens/web3/wallet/wallet_home.dart","432","KUB8","explicit-economy-or-infrastructure-review"
"94c9ad6c3539b8cd4cf6beb2ce1a4959713d2cfe","lib/screens/web3/wallet/wallet_home.dart","434","KUB8","explicit-economy-or-infrastructure-review"
"94c9ad6c3539b8cd4cf6beb2ce1a4959713d2cfe","lib/screens/web3/wallet/wallet_home.dart","436","KUB8","explicit-economy-or-infrastructure-review"
"94c9ad6c3539b8cd4cf6beb2ce1a4959713d2cfe","lib/screens/web3/wallet/wallet_home.dart","537","KUB8","explicit-economy-or-infrastructure-review"
"94c9ad6c3539b8cd4cf6beb2ce1a4959713d2cfe","lib/screens/web3/wallet/wallet_home.dart","549","KUB8","explicit-economy-or-infrastructure-review"
"94c9ad6c3539b8cd4cf6beb2ce1a4959713d2cfe","lib/services/achievement_service.dart","66","KUB8;tokenReward;reward","explicit-economy-or-infrastructure-review"
"94c9ad6c3539b8cd4cf6beb2ce1a4959713d2cfe","lib/services/achievement_service.dart","77","tokenReward;reward","explicit-economy-or-infrastructure-review"
"94c9ad6c3539b8cd4cf6beb2ce1a4959713d2cfe","lib/services/achievement_service.dart","102","tokenReward;reward","explicit-economy-or-infrastructure-review"
"94c9ad6c3539b8cd4cf6beb2ce1a4959713d2cfe","lib/services/achievement_service.dart","111","tokenReward;reward","explicit-economy-or-infrastructure-review"
"94c9ad6c3539b8cd4cf6beb2ce1a4959713d2cfe","lib/services/achievement_service.dart","120","tokenReward;reward","explicit-economy-or-infrastructure-review"
"94c9ad6c3539b8cd4cf6beb2ce1a4959713d2cfe","lib/services/achievement_service.dart","129","tokenReward;reward","explicit-economy-or-infrastructure-review"
"94c9ad6c3539b8cd4cf6beb2ce1a4959713d2cfe","lib/services/achievement_service.dart","140","tokenReward;reward","explicit-economy-or-infrastructure-review"
"94c9ad6c3539b8cd4cf6beb2ce1a4959713d2cfe","lib/services/achievement_service.dart","149","tokenReward;reward","explicit-economy-or-infrastructure-review"
"94c9ad6c3539b8cd4cf6beb2ce1a4959713d2cfe","lib/services/achievement_service.dart","158","tokenReward;reward","explicit-economy-or-infrastructure-review"
"94c9ad6c3539b8cd4cf6beb2ce1a4959713d2cfe","lib/services/achievement_service.dart","169","tokenReward;reward","explicit-economy-or-infrastructure-review"
"94c9ad6c3539b8cd4cf6beb2ce1a4959713d2cfe","lib/services/achievement_service.dart","178","tokenReward;reward","explicit-economy-or-infrastructure-review"
"94c9ad6c3539b8cd4cf6beb2ce1a4959713d2cfe","lib/services/achievement_service.dart","187","tokenReward;reward","explicit-economy-or-infrastructure-review"
"94c9ad6c3539b8cd4cf6beb2ce1a4959713d2cfe","lib/services/achievement_service.dart","198","tokenReward;reward","explicit-economy-or-infrastructure-review"
"94c9ad6c3539b8cd4cf6beb2ce1a4959713d2cfe","lib/services/achievement_service.dart","207","tokenReward;reward","explicit-economy-or-infrastructure-review"
"94c9ad6c3539b8cd4cf6beb2ce1a4959713d2cfe","lib/services/achievement_service.dart","216","tokenReward;reward","explicit-economy-or-infrastructure-review"
"94c9ad6c3539b8cd4cf6beb2ce1a4959713d2cfe","lib/services/achievement_service.dart","227","tokenReward;reward","explicit-economy-or-infrastructure-review"
"94c9ad6c3539b8cd4cf6beb2ce1a4959713d2cfe","lib/services/achievement_service.dart","236","tokenReward;reward","explicit-economy-or-infrastructure-review"
"94c9ad6c3539b8cd4cf6beb2ce1a4959713d2cfe","lib/services/achievement_service.dart","245","tokenReward;reward","explicit-economy-or-infrastructure-review"
"94c9ad6c3539b8cd4cf6beb2ce1a4959713d2cfe","lib/services/achievement_service.dart","254","tokenReward;reward","explicit-economy-or-infrastructure-review"
"94c9ad6c3539b8cd4cf6beb2ce1a4959713d2cfe","lib/services/achievement_service.dart","265","tokenReward;reward","explicit-economy-or-infrastructure-review"
"94c9ad6c3539b8cd4cf6beb2ce1a4959713d2cfe","lib/services/achievement_service.dart","274","tokenReward;reward","explicit-economy-or-infrastructure-review"
"94c9ad6c3539b8cd4cf6beb2ce1a4959713d2cfe","lib/services/achievement_service.dart","283","tokenReward;reward","explicit-economy-or-infrastructure-review"
"94c9ad6c3539b8cd4cf6beb2ce1a4959713d2cfe","lib/services/achievement_service.dart","294","tokenReward;reward","explicit-economy-or-infrastructure-review"
"94c9ad6c3539b8cd4cf6beb2ce1a4959713d2cfe","lib/services/achievement_service.dart","303","tokenReward;reward","explicit-economy-or-infrastructure-review"
"94c9ad6c3539b8cd4cf6beb2ce1a4959713d2cfe","lib/services/achievement_service.dart","312","tokenReward;reward","explicit-economy-or-infrastructure-review"
"94c9ad6c3539b8cd4cf6beb2ce1a4959713d2cfe","lib/services/achievement_service.dart","323","tokenReward;reward","explicit-economy-or-infrastructure-review"
"94c9ad6c3539b8cd4cf6beb2ce1a4959713d2cfe","lib/services/achievement_service.dart","333","tokenReward;reward","explicit-economy-or-infrastructure-review"
"94c9ad6c3539b8cd4cf6beb2ce1a4959713d2cfe","lib/services/achievement_service.dart","343","tokenReward;reward","explicit-economy-or-infrastructure-review"
"94c9ad6c3539b8cd4cf6beb2ce1a4959713d2cfe","lib/services/achievement_service.dart","355","tokenReward;reward","explicit-economy-or-infrastructure-review"
"94c9ad6c3539b8cd4cf6beb2ce1a4959713d2cfe","lib/services/achievement_service.dart","364","tokenReward;reward","explicit-economy-or-infrastructure-review"
"94c9ad6c3539b8cd4cf6beb2ce1a4959713d2cfe","lib/services/achievement_service.dart","373","tokenReward;reward","explicit-economy-or-infrastructure-review"
"94c9ad6c3539b8cd4cf6beb2ce1a4959713d2cfe","lib/services/achievement_service.dart","382","tokenReward;reward","explicit-economy-or-infrastructure-review"
"94c9ad6c3539b8cd4cf6beb2ce1a4959713d2cfe","lib/services/achievement_service.dart","574","KUB8;tokenReward;kub8Reward;reward","explicit-economy-or-infrastructure-review"
"94c9ad6c3539b8cd4cf6beb2ce1a4959713d2cfe","lib/services/achievement_service.dart","680","KUB8;tokenReward;kub8Reward;reward","explicit-economy-or-infrastructure-review"
"94c9ad6c3539b8cd4cf6beb2ce1a4959713d2cfe","lib/services/app_bootstrap_service.dart","122","KUB8","legacy-or-context-review"
"94c9ad6c3539b8cd4cf6beb2ce1a4959713d2cfe","lib/services/backend_api_service.dart","3538","KUB8","legacy-or-context-review"
"94c9ad6c3539b8cd4cf6beb2ce1a4959713d2cfe","lib/services/backend_api_service.dart","3706","KUB8","legacy-or-context-review"
"94c9ad6c3539b8cd4cf6beb2ce1a4959713d2cfe","lib/services/backend_api_service.dart","3713","KUB8","legacy-or-context-review"
"94c9ad6c3539b8cd4cf6beb2ce1a4959713d2cfe","lib/services/backend_api_service.dart","3714","KUB8","legacy-or-context-review"
"94c9ad6c3539b8cd4cf6beb2ce1a4959713d2cfe","lib/services/backend_api_service.dart","3722","KUB8","legacy-or-context-review"
"94c9ad6c3539b8cd4cf6beb2ce1a4959713d2cfe","lib/services/backend_api_service.dart","3761","KUB8","legacy-or-context-review"
"94c9ad6c3539b8cd4cf6beb2ce1a4959713d2cfe","lib/services/backend_api_service.dart","3764","KUB8","legacy-or-context-review"
"94c9ad6c3539b8cd4cf6beb2ce1a4959713d2cfe","lib/services/backend_api_service.dart","5594","reward","legacy-or-context-review"
"94c9ad6c3539b8cd4cf6beb2ce1a4959713d2cfe","lib/services/backend_api_service.dart","5633","KUB8","legacy-or-context-review"
"94c9ad6c3539b8cd4cf6beb2ce1a4959713d2cfe","lib/services/backend_api_service.dart","5658","reward","legacy-or-context-review"
"94c9ad6c3539b8cd4cf6beb2ce1a4959713d2cfe","lib/services/backend_api_service.dart","5659","reward","legacy-or-context-review"
"94c9ad6c3539b8cd4cf6beb2ce1a4959713d2cfe","lib/services/backend_api_service.dart","7832","KUB8","legacy-or-context-review"
"94c9ad6c3539b8cd4cf6beb2ce1a4959713d2cfe","lib/services/backend_api_service.dart","7855","KUB8","legacy-or-context-review"
"94c9ad6c3539b8cd4cf6beb2ce1a4959713d2cfe","lib/services/backend_api_service.dart","10879","reward","legacy-or-context-review"
"94c9ad6c3539b8cd4cf6beb2ce1a4959713d2cfe","lib/services/backend_api_service.dart","10880","reward","legacy-or-context-review"
"94c9ad6c3539b8cd4cf6beb2ce1a4959713d2cfe","lib/services/backend_api_service.dart","10881","reward","legacy-or-context-review"
"94c9ad6c3539b8cd4cf6beb2ce1a4959713d2cfe","lib/services/backend_api_service.dart","10882","reward","legacy-or-context-review"
"94c9ad6c3539b8cd4cf6beb2ce1a4959713d2cfe","lib/services/backend_api_service.dart","10883","reward","legacy-or-context-review"
"94c9ad6c3539b8cd4cf6beb2ce1a4959713d2cfe","lib/services/backend_api_service.dart","10992","reward","legacy-or-context-review"
"94c9ad6c3539b8cd4cf6beb2ce1a4959713d2cfe","lib/services/backend_api_service.dart","11041","reward","legacy-or-context-review"
"94c9ad6c3539b8cd4cf6beb2ce1a4959713d2cfe","lib/services/backend_api_service_availability_transport.dart","137","KUB8","explicit-economy-or-infrastructure-review"
"94c9ad6c3539b8cd4cf6beb2ce1a4959713d2cfe","lib/services/backend_api_service_availability_transport.dart","139","KUB8","explicit-economy-or-infrastructure-review"
"94c9ad6c3539b8cd4cf6beb2ce1a4959713d2cfe","lib/services/backend_api_service_availability_transport.dart","147","KUB8","explicit-economy-or-infrastructure-review"
"94c9ad6c3539b8cd4cf6beb2ce1a4959713d2cfe","lib/services/backend_api_service_availability_transport.dart","152","reward","explicit-economy-or-infrastructure-review"
"94c9ad6c3539b8cd4cf6beb2ce1a4959713d2cfe","lib/services/backend_api_service_availability_transport.dart","160","reward","explicit-economy-or-infrastructure-review"
"94c9ad6c3539b8cd4cf6beb2ce1a4959713d2cfe","lib/services/backend_api_service_availability_transport.dart","178","reward","explicit-economy-or-infrastructure-review"
"94c9ad6c3539b8cd4cf6beb2ce1a4959713d2cfe","lib/services/backend_api_service_availability_transport.dart","266","reward","explicit-economy-or-infrastructure-review"
"94c9ad6c3539b8cd4cf6beb2ce1a4959713d2cfe","lib/services/backend_api_service_availability_transport.dart","269","reward","explicit-economy-or-infrastructure-review"
"94c9ad6c3539b8cd4cf6beb2ce1a4959713d2cfe","lib/services/backend_api_service_availability_transport.dart","276","reward","explicit-economy-or-infrastructure-review"
"94c9ad6c3539b8cd4cf6beb2ce1a4959713d2cfe","lib/services/backend_api_service_availability_transport.dart","301","reward","explicit-economy-or-infrastructure-review"
"94c9ad6c3539b8cd4cf6beb2ce1a4959713d2cfe","lib/services/backend_api_service_availability_transport.dart","313","reward","explicit-economy-or-infrastructure-review"
"94c9ad6c3539b8cd4cf6beb2ce1a4959713d2cfe","lib/services/backend_api_service_availability_transport.dart","314","reward","explicit-economy-or-infrastructure-review"
"94c9ad6c3539b8cd4cf6beb2ce1a4959713d2cfe","lib/services/backend_api_service_domain_transports.dart","402","reward","legacy-or-context-review"
"94c9ad6c3539b8cd4cf6beb2ce1a4959713d2cfe","lib/services/backend_api_service_domain_transports.dart","407","reward","legacy-or-context-review"
"94c9ad6c3539b8cd4cf6beb2ce1a4959713d2cfe","lib/services/backend_api_service_public_object_transport.dart","119","reward","legacy-or-context-review"
"94c9ad6c3539b8cd4cf6beb2ce1a4959713d2cfe","lib/services/backend_api_service_public_object_transport.dart","129","reward","legacy-or-context-review"
"94c9ad6c3539b8cd4cf6beb2ce1a4959713d2cfe","lib/services/backend_api_service_public_object_transport.dart","145","reward","legacy-or-context-review"
"94c9ad6c3539b8cd4cf6beb2ce1a4959713d2cfe","lib/services/nft_minting_service.dart","242","reward","legacy-or-context-review"
"94c9ad6c3539b8cd4cf6beb2ce1a4959713d2cfe","lib/services/notification_handler.dart","47","reward","legacy-or-context-review"
"94c9ad6c3539b8cd4cf6beb2ce1a4959713d2cfe","lib/services/notification_handler.dart","48","reward","legacy-or-context-review"
"94c9ad6c3539b8cd4cf6beb2ce1a4959713d2cfe","lib/services/notification_handler.dart","135","reward","legacy-or-context-review"
"94c9ad6c3539b8cd4cf6beb2ce1a4959713d2cfe","lib/services/notification_handler.dart","136","reward","legacy-or-context-review"
"94c9ad6c3539b8cd4cf6beb2ce1a4959713d2cfe","lib/services/notification_handler.dart","137","reward","legacy-or-context-review"
"94c9ad6c3539b8cd4cf6beb2ce1a4959713d2cfe","lib/services/notification_handler.dart","140","reward","legacy-or-context-review"
"94c9ad6c3539b8cd4cf6beb2ce1a4959713d2cfe","lib/services/push_notification_service.dart","364","reward","notification-semantics-review"
"94c9ad6c3539b8cd4cf6beb2ce1a4959713d2cfe","lib/services/push_notification_service.dart","369","reward","notification-semantics-review"
"94c9ad6c3539b8cd4cf6beb2ce1a4959713d2cfe","lib/services/push_notification_service.dart","370","KUB8;reward","notification-semantics-review"
"94c9ad6c3539b8cd4cf6beb2ce1a4959713d2cfe","lib/services/push_notification_service.dart","409","KUB8;reward","notification-semantics-review"
"94c9ad6c3539b8cd4cf6beb2ce1a4959713d2cfe","lib/services/push_notification_service.dart","415","tokenReward;reward","notification-semantics-review"
"94c9ad6c3539b8cd4cf6beb2ce1a4959713d2cfe","lib/services/push_notification_service.dart","416","reward","notification-semantics-review"
"94c9ad6c3539b8cd4cf6beb2ce1a4959713d2cfe","lib/services/push_notification_service.dart","425","reward","notification-semantics-review"
"94c9ad6c3539b8cd4cf6beb2ce1a4959713d2cfe","lib/services/push_notification_service.dart","426","KUB8","notification-semantics-review"
"94c9ad6c3539b8cd4cf6beb2ce1a4959713d2cfe","lib/services/push_notification_service.dart","429","reward","notification-semantics-review"
"94c9ad6c3539b8cd4cf6beb2ce1a4959713d2cfe","lib/services/push_notification_service.dart","434","reward","notification-semantics-review"
"94c9ad6c3539b8cd4cf6beb2ce1a4959713d2cfe","lib/services/push_notification_service.dart","457","reward","notification-semantics-review"
"94c9ad6c3539b8cd4cf6beb2ce1a4959713d2cfe","lib/services/push_notification_service.dart","459","reward","notification-semantics-review"
"94c9ad6c3539b8cd4cf6beb2ce1a4959713d2cfe","lib/services/push_notification_service.dart","465","KUB8","notification-semantics-review"
"94c9ad6c3539b8cd4cf6beb2ce1a4959713d2cfe","lib/services/push_notification_service.dart","678","rewardTokens;reward","notification-semantics-review"
"94c9ad6c3539b8cd4cf6beb2ce1a4959713d2cfe","lib/services/push_notification_service.dart","684","rewardTokens;reward","notification-semantics-review"
"94c9ad6c3539b8cd4cf6beb2ce1a4959713d2cfe","lib/services/push_notification_service.dart","685","KUB8;rewardTokens;reward","notification-semantics-review"
"94c9ad6c3539b8cd4cf6beb2ce1a4959713d2cfe","lib/services/push_notification_service.dart","724","KUB8;rewardTokens;reward","notification-semantics-review"
"94c9ad6c3539b8cd4cf6beb2ce1a4959713d2cfe","lib/services/push_notification_service.dart","1397","reward","notification-semantics-review"
"94c9ad6c3539b8cd4cf6beb2ce1a4959713d2cfe","lib/services/push_notification_service.dart","1399","reward","notification-semantics-review"
"94c9ad6c3539b8cd4cf6beb2ce1a4959713d2cfe","lib/services/push_notification_service.dart","1400","reward","notification-semantics-review"
"94c9ad6c3539b8cd4cf6beb2ce1a4959713d2cfe","lib/services/push_notification_service.dart","1408","reward","notification-semantics-review"
"94c9ad6c3539b8cd4cf6beb2ce1a4959713d2cfe","lib/services/push_notification_service.dart","1409","reward","notification-semantics-review"
"94c9ad6c3539b8cd4cf6beb2ce1a4959713d2cfe","lib/services/push_notification_service.dart","1421","reward","notification-semantics-review"
"94c9ad6c3539b8cd4cf6beb2ce1a4959713d2cfe","lib/services/push_notification_service.dart","1454","reward","notification-semantics-review"
"94c9ad6c3539b8cd4cf6beb2ce1a4959713d2cfe","lib/services/solana_wallet_service.dart","61","KUB8","explicit-economy-or-infrastructure-review"
"94c9ad6c3539b8cd4cf6beb2ce1a4959713d2cfe","lib/services/solana_wallet_service.dart","62","KUB8","explicit-economy-or-infrastructure-review"
"94c9ad6c3539b8cd4cf6beb2ce1a4959713d2cfe","lib/services/solana_wallet_service.dart","65","KUB8","explicit-economy-or-infrastructure-review"
"94c9ad6c3539b8cd4cf6beb2ce1a4959713d2cfe","lib/services/solana_wallet_service.dart","896","KUB8","explicit-economy-or-infrastructure-review"
"94c9ad6c3539b8cd4cf6beb2ce1a4959713d2cfe","lib/services/solana_wallet_service.dart","995","KUB8","explicit-economy-or-infrastructure-review"
"94c9ad6c3539b8cd4cf6beb2ce1a4959713d2cfe","lib/services/solana_wallet_service.dart","1159","KUB8","explicit-economy-or-infrastructure-review"
"94c9ad6c3539b8cd4cf6beb2ce1a4959713d2cfe","lib/services/solana_wallet_service.dart","3086","KUB8","explicit-economy-or-infrastructure-review"
"94c9ad6c3539b8cd4cf6beb2ce1a4959713d2cfe","lib/services/solana_wallet_service.dart","3139","KUB8","explicit-economy-or-infrastructure-review"
"94c9ad6c3539b8cd4cf6beb2ce1a4959713d2cfe","lib/services/spatial_library_store.dart","116","KUB8","explicit-economy-or-infrastructure-review"
"94c9ad6c3539b8cd4cf6beb2ce1a4959713d2cfe","lib/services/spatial_library_store.dart","136","KUB8","explicit-economy-or-infrastructure-review"
"94c9ad6c3539b8cd4cf6beb2ce1a4959713d2cfe","lib/services/spatial_library_store.dart","154","KUB8","explicit-economy-or-infrastructure-review"
"94c9ad6c3539b8cd4cf6beb2ce1a4959713d2cfe","lib/services/spatial_library_store.dart","180","KUB8","explicit-economy-or-infrastructure-review"
"94c9ad6c3539b8cd4cf6beb2ce1a4959713d2cfe","lib/services/spatial_library_store.dart","181","KUB8","explicit-economy-or-infrastructure-review"
"94c9ad6c3539b8cd4cf6beb2ce1a4959713d2cfe","lib/services/spatial_library_store.dart","182","KUB8","explicit-economy-or-infrastructure-review"
"94c9ad6c3539b8cd4cf6beb2ce1a4959713d2cfe","lib/services/spatial_library_store.dart","202","KUB8","explicit-economy-or-infrastructure-review"
"94c9ad6c3539b8cd4cf6beb2ce1a4959713d2cfe","lib/services/spatial_library_store.dart","231","KUB8","explicit-economy-or-infrastructure-review"
"94c9ad6c3539b8cd4cf6beb2ce1a4959713d2cfe","lib/services/user_service.dart","802","KUB8;kub8Reward;reward","legacy-or-context-review"
"94c9ad6c3539b8cd4cf6beb2ce1a4959713d2cfe","lib/utils/activity_navigation.dart","71","reward","legacy-or-context-review"
"94c9ad6c3539b8cd4cf6beb2ce1a4959713d2cfe","lib/utils/activity_navigation.dart","202","reward","legacy-or-context-review"
"94c9ad6c3539b8cd4cf6beb2ce1a4959713d2cfe","lib/utils/activity_navigation.dart","320","reward","legacy-or-context-review"
"94c9ad6c3539b8cd4cf6beb2ce1a4959713d2cfe","lib/utils/app_color_utils.dart","89","reward","legacy-or-context-review"
"94c9ad6c3539b8cd4cf6beb2ce1a4959713d2cfe","lib/utils/app_color_utils.dart","100","reward","legacy-or-context-review"
"94c9ad6c3539b8cd4cf6beb2ce1a4959713d2cfe","lib/utils/app_color_utils.dart","157","reward","legacy-or-context-review"
"94c9ad6c3539b8cd4cf6beb2ce1a4959713d2cfe","lib/utils/app_color_utils.dart","249","reward","legacy-or-context-review"
"94c9ad6c3539b8cd4cf6beb2ce1a4959713d2cfe","lib/utils/kubus_color_roles.dart","113","reward","legacy-or-context-review"
"94c9ad6c3539b8cd4cf6beb2ce1a4959713d2cfe","lib/utils/node_state_presentation.dart","323","KUB8","explicit-economy-or-infrastructure-review"
"94c9ad6c3539b8cd4cf6beb2ce1a4959713d2cfe","lib/utils/node_state_presentation.dart","324","KUB8","explicit-economy-or-infrastructure-review"
"94c9ad6c3539b8cd4cf6beb2ce1a4959713d2cfe","lib/utils/search_suggestions.dart","66","reward","legacy-or-context-review"
"94c9ad6c3539b8cd4cf6beb2ce1a4959713d2cfe","lib/widgets/creator/creator_poap_section.dart","17","reward","explicit-economy-or-infrastructure-review"
"94c9ad6c3539b8cd4cf6beb2ce1a4959713d2cfe","lib/widgets/creator/creator_poap_section.dart","28","KUB8;reward","explicit-economy-or-infrastructure-review"
"94c9ad6c3539b8cd4cf6beb2ce1a4959713d2cfe","lib/widgets/creator/creator_poap_section.dart","34","reward","explicit-economy-or-infrastructure-review"
"94c9ad6c3539b8cd4cf6beb2ce1a4959713d2cfe","lib/widgets/creator/creator_poap_section.dart","35","KUB8;reward","explicit-economy-or-infrastructure-review"
"94c9ad6c3539b8cd4cf6beb2ce1a4959713d2cfe","lib/widgets/creator/creator_poap_section.dart","40","reward","explicit-economy-or-infrastructure-review"
"94c9ad6c3539b8cd4cf6beb2ce1a4959713d2cfe","lib/widgets/creator/creator_poap_section.dart","45","KUB8;reward","explicit-economy-or-infrastructure-review"
"94c9ad6c3539b8cd4cf6beb2ce1a4959713d2cfe","lib/widgets/creator/creator_poap_section.dart","46","reward","explicit-economy-or-infrastructure-review"
"94c9ad6c3539b8cd4cf6beb2ce1a4959713d2cfe","lib/widgets/creator/creator_poap_section.dart","59","KUB8;reward","explicit-economy-or-infrastructure-review"
"94c9ad6c3539b8cd4cf6beb2ce1a4959713d2cfe","lib/widgets/creator/creator_poap_section.dart","165","reward","explicit-economy-or-infrastructure-review"
"94c9ad6c3539b8cd4cf6beb2ce1a4959713d2cfe","lib/widgets/creator/creator_poap_section.dart","166","reward","explicit-economy-or-infrastructure-review"
"94c9ad6c3539b8cd4cf6beb2ce1a4959713d2cfe","lib/widgets/creator/creator_poap_section.dart","227","reward","explicit-economy-or-infrastructure-review"
"94c9ad6c3539b8cd4cf6beb2ce1a4959713d2cfe","lib/widgets/creator/creator_poap_section.dart","228","KUB8;reward","explicit-economy-or-infrastructure-review"
"94c9ad6c3539b8cd4cf6beb2ce1a4959713d2cfe","lib/widgets/detail/poap_detail_card.dart","13","reward","explicit-economy-or-infrastructure-review"
"94c9ad6c3539b8cd4cf6beb2ce1a4959713d2cfe","lib/widgets/detail/poap_detail_card.dart","33","reward","explicit-economy-or-infrastructure-review"
"94c9ad6c3539b8cd4cf6beb2ce1a4959713d2cfe","lib/widgets/detail/poap_detail_card.dart","82","reward","explicit-economy-or-infrastructure-review"
"94c9ad6c3539b8cd4cf6beb2ce1a4959713d2cfe","lib/widgets/detail/poap_detail_card.dart","83","reward","explicit-economy-or-infrastructure-review"
"94c9ad6c3539b8cd4cf6beb2ce1a4959713d2cfe","lib/widgets/map/nearby/kubus_nearby_art_panel_body.dart","76","reward","cultural-presentation-review"
"94c9ad6c3539b8cd4cf6beb2ce1a4959713d2cfe","lib/widgets/map/nearby/kubus_nearby_art_panel_body.dart","77","reward","cultural-presentation-review"
"94c9ad6c3539b8cd4cf6beb2ce1a4959713d2cfe","lib/widgets/map/nearby/kubus_nearby_art_panel_items.dart","145","KUB8;reward","cultural-presentation-review"
"94c9ad6c3539b8cd4cf6beb2ce1a4959713d2cfe","lib/widgets/map/nearby/kubus_nearby_art_panel_items.dart","263","KUB8;reward","cultural-presentation-review"
"94c9ad6c3539b8cd4cf6beb2ce1a4959713d2cfe","lib/widgets/map/nearby/kubus_nearby_art_panel_types.dart","11","reward","cultural-presentation-review"
"94c9ad6c3539b8cd4cf6beb2ce1a4959713d2cfe","lib/widgets/map/nearby/kubus_nearby_art_panel_types.dart","22","reward","cultural-presentation-review"
"94c9ad6c3539b8cd4cf6beb2ce1a4959713d2cfe","lib/widgets/map/nearby/kubus_nearby_art_panel_types.dart","23","reward","cultural-presentation-review"
"94c9ad6c3539b8cd4cf6beb2ce1a4959713d2cfe","lib/widgets/map/panels/kubus_marker_form_content_parts.dart","828","reward","legacy-or-context-review"
"94c9ad6c3539b8cd4cf6beb2ce1a4959713d2cfe","lib/widgets/profile/profile_achievements_preview_section.dart","31","KUB8;kub8Reward;reward","explicit-economy-or-infrastructure-review"
"94c9ad6c3539b8cd4cf6beb2ce1a4959713d2cfe","lib/widgets/profile/profile_achievements_preview_section.dart","32","KUB8;reward","explicit-economy-or-infrastructure-review"
"94c9ad6c3539b8cd4cf6beb2ce1a4959713d2cfe","lib/widgets/profile/profile_achievements_preview_section.dart","45","KUB8;kub8Reward;reward","explicit-economy-or-infrastructure-review"
"94c9ad6c3539b8cd4cf6beb2ce1a4959713d2cfe","lib/widgets/profile/profile_achievements_preview_section.dart","46","reward","explicit-economy-or-infrastructure-review"
"94c9ad6c3539b8cd4cf6beb2ce1a4959713d2cfe","lib/widgets/profile/profile_achievements_preview_section.dart","132","reward","explicit-economy-or-infrastructure-review"
"94c9ad6c3539b8cd4cf6beb2ce1a4959713d2cfe","lib/widgets/profile/profile_achievements_preview_section.dart","151","KUB8;kub8Reward;reward","explicit-economy-or-infrastructure-review"
"94c9ad6c3539b8cd4cf6beb2ce1a4959713d2cfe","lib/widgets/profile/profile_achievements_preview_section.dart","187","KUB8;kub8Reward;reward","explicit-economy-or-infrastructure-review"
"94c9ad6c3539b8cd4cf6beb2ce1a4959713d2cfe","lib/widgets/profile/profile_achievements_preview_section.dart","360","KUB8;kub8Reward;reward","explicit-economy-or-infrastructure-review"
"94c9ad6c3539b8cd4cf6beb2ce1a4959713d2cfe","lib/widgets/profile/profile_achievements_preview_section.dart","362","reward","explicit-economy-or-infrastructure-review"
"94c9ad6c3539b8cd4cf6beb2ce1a4959713d2cfe","lib/widgets/profile/profile_achievements_preview_section.dart","363","reward","explicit-economy-or-infrastructure-review"
"94c9ad6c3539b8cd4cf6beb2ce1a4959713d2cfe","lib/widgets/profile/profile_achievements_preview_section.dart","381","reward","explicit-economy-or-infrastructure-review"
"94c9ad6c3539b8cd4cf6beb2ce1a4959713d2cfe","lib/widgets/profile/profile_achievements_preview_section.dart","382","reward","explicit-economy-or-infrastructure-review"
"94c9ad6c3539b8cd4cf6beb2ce1a4959713d2cfe","lib/widgets/profile/profile_achievements_preview_section.dart","383","reward","explicit-economy-or-infrastructure-review"
"94c9ad6c3539b8cd4cf6beb2ce1a4959713d2cfe","lib/widgets/promotion/price_summary_card.dart","16","KUB8","explicit-economy-or-infrastructure-review"
"94c9ad6c3539b8cd4cf6beb2ce1a4959713d2cfe","lib/widgets/promotion/price_summary_card.dart","22","KUB8","explicit-economy-or-infrastructure-review"
"94c9ad6c3539b8cd4cf6beb2ce1a4959713d2cfe","lib/widgets/promotion/price_summary_card.dart","34","KUB8","explicit-economy-or-infrastructure-review"
"94c9ad6c3539b8cd4cf6beb2ce1a4959713d2cfe","lib/widgets/promotion/price_summary_card.dart","35","KUB8","explicit-economy-or-infrastructure-review"
"94c9ad6c3539b8cd4cf6beb2ce1a4959713d2cfe","lib/widgets/promotion/price_summary_card.dart","37","KUB8","explicit-economy-or-infrastructure-review"
"94c9ad6c3539b8cd4cf6beb2ce1a4959713d2cfe","lib/widgets/promotion/price_summary_card.dart","39","KUB8","explicit-economy-or-infrastructure-review"
"94c9ad6c3539b8cd4cf6beb2ce1a4959713d2cfe","lib/widgets/promotion/price_summary_card.dart","42","KUB8","explicit-economy-or-infrastructure-review"
"94c9ad6c3539b8cd4cf6beb2ce1a4959713d2cfe","lib/widgets/promotion/price_summary_card.dart","56","KUB8","explicit-economy-or-infrastructure-review"
"94c9ad6c3539b8cd4cf6beb2ce1a4959713d2cfe","lib/widgets/promotion/price_summary_card.dart","106","KUB8","explicit-economy-or-infrastructure-review"
"94c9ad6c3539b8cd4cf6beb2ce1a4959713d2cfe","lib/widgets/promotion/price_summary_card.dart","107","KUB8","explicit-economy-or-infrastructure-review"
"94c9ad6c3539b8cd4cf6beb2ce1a4959713d2cfe","lib/widgets/promotion/price_summary_card.dart","119","KUB8","explicit-economy-or-infrastructure-review"
"94c9ad6c3539b8cd4cf6beb2ce1a4959713d2cfe","lib/widgets/promotion/price_summary_card.dart","120","KUB8","explicit-economy-or-infrastructure-review"
"94c9ad6c3539b8cd4cf6beb2ce1a4959713d2cfe","lib/widgets/promotion/price_summary_card.dart","198","KUB8","explicit-economy-or-infrastructure-review"
"94c9ad6c3539b8cd4cf6beb2ce1a4959713d2cfe","lib/widgets/promotion/price_summary_card.dart","204","KUB8","explicit-economy-or-infrastructure-review"
"94c9ad6c3539b8cd4cf6beb2ce1a4959713d2cfe","lib/widgets/promotion/price_summary_card.dart","205","KUB8","explicit-economy-or-infrastructure-review"
"94c9ad6c3539b8cd4cf6beb2ce1a4959713d2cfe","lib/widgets/promotion/price_summary_card.dart","218","KUB8","explicit-economy-or-infrastructure-review"
"94c9ad6c3539b8cd4cf6beb2ce1a4959713d2cfe","lib/widgets/promotion/price_summary_card.dart","219","KUB8","explicit-economy-or-infrastructure-review"
"94c9ad6c3539b8cd4cf6beb2ce1a4959713d2cfe","lib/widgets/promotion/price_summary_card.dart","221","KUB8","explicit-economy-or-infrastructure-review"
"94c9ad6c3539b8cd4cf6beb2ce1a4959713d2cfe","lib/widgets/promotion/promotion_builder_sheet.dart","100","KUB8","explicit-economy-or-infrastructure-review"
"94c9ad6c3539b8cd4cf6beb2ce1a4959713d2cfe","lib/widgets/promotion/promotion_builder_sheet.dart","102","KUB8","explicit-economy-or-infrastructure-review"
"94c9ad6c3539b8cd4cf6beb2ce1a4959713d2cfe","lib/widgets/promotion/promotion_builder_sheet.dart","103","KUB8","explicit-economy-or-infrastructure-review"
"94c9ad6c3539b8cd4cf6beb2ce1a4959713d2cfe","lib/widgets/promotion/promotion_builder_sheet.dart","267","KUB8","explicit-economy-or-infrastructure-review"
"94c9ad6c3539b8cd4cf6beb2ce1a4959713d2cfe","lib/widgets/promotion/promotion_builder_sheet.dart","268","KUB8","explicit-economy-or-infrastructure-review"
"94c9ad6c3539b8cd4cf6beb2ce1a4959713d2cfe","lib/widgets/promotion/promotion_builder_sheet.dart","307","KUB8","explicit-economy-or-infrastructure-review"
"94c9ad6c3539b8cd4cf6beb2ce1a4959713d2cfe","lib/widgets/promotion/promotion_builder_sheet.dart","308","KUB8","explicit-economy-or-infrastructure-review"
"94c9ad6c3539b8cd4cf6beb2ce1a4959713d2cfe","lib/widgets/promotion/promotion_builder_sheet.dart","315","KUB8","explicit-economy-or-infrastructure-review"
"94c9ad6c3539b8cd4cf6beb2ce1a4959713d2cfe","lib/widgets/promotion/promotion_builder_sheet.dart","324","KUB8","explicit-economy-or-infrastructure-review"
"94c9ad6c3539b8cd4cf6beb2ce1a4959713d2cfe","lib/widgets/promotion/promotion_builder_sheet.dart","349","KUB8","explicit-economy-or-infrastructure-review"
"94c9ad6c3539b8cd4cf6beb2ce1a4959713d2cfe","lib/widgets/promotion/promotion_builder_sheet.dart","350","KUB8","explicit-economy-or-infrastructure-review"
"94c9ad6c3539b8cd4cf6beb2ce1a4959713d2cfe","lib/widgets/promotion/promotion_builder_sheet.dart","364","KUB8","explicit-economy-or-infrastructure-review"
"94c9ad6c3539b8cd4cf6beb2ce1a4959713d2cfe","lib/widgets/promotion/promotion_builder_sheet.dart","365","KUB8","explicit-economy-or-infrastructure-review"
"94c9ad6c3539b8cd4cf6beb2ce1a4959713d2cfe","lib/widgets/promotion/promotion_builder_sheet.dart","377","KUB8","explicit-economy-or-infrastructure-review"
"94c9ad6c3539b8cd4cf6beb2ce1a4959713d2cfe","lib/widgets/promotion/promotion_builder_sheet.dart","380","KUB8","explicit-economy-or-infrastructure-review"
"94c9ad6c3539b8cd4cf6beb2ce1a4959713d2cfe","lib/widgets/promotion/promotion_builder_sheet.dart","381","KUB8","explicit-economy-or-infrastructure-review"
"94c9ad6c3539b8cd4cf6beb2ce1a4959713d2cfe","lib/widgets/promotion/promotion_builder_sheet.dart","394","KUB8","explicit-economy-or-infrastructure-review"
"94c9ad6c3539b8cd4cf6beb2ce1a4959713d2cfe","lib/widgets/promotion/promotion_builder_sheet.dart","403","KUB8","explicit-economy-or-infrastructure-review"
"94c9ad6c3539b8cd4cf6beb2ce1a4959713d2cfe","lib/widgets/promotion/promotion_builder_sheet.dart","404","KUB8","explicit-economy-or-infrastructure-review"
"94c9ad6c3539b8cd4cf6beb2ce1a4959713d2cfe","lib/widgets/promotion/promotion_builder_sheet.dart","499","KUB8","explicit-economy-or-infrastructure-review"
"94c9ad6c3539b8cd4cf6beb2ce1a4959713d2cfe","lib/widgets/promotion/promotion_builder_sheet.dart","500","KUB8","explicit-economy-or-infrastructure-review"
"94c9ad6c3539b8cd4cf6beb2ce1a4959713d2cfe","lib/widgets/promotion/promotion_builder_sheet.dart","501","KUB8","explicit-economy-or-infrastructure-review"
"94c9ad6c3539b8cd4cf6beb2ce1a4959713d2cfe","lib/widgets/promotion/promotion_builder_sheet.dart","502","KUB8","explicit-economy-or-infrastructure-review"
"94c9ad6c3539b8cd4cf6beb2ce1a4959713d2cfe","lib/widgets/promotion/promotion_builder_sheet.dart","503","KUB8","explicit-economy-or-infrastructure-review"
"94c9ad6c3539b8cd4cf6beb2ce1a4959713d2cfe","lib/widgets/promotion/promotion_builder_sheet.dart","504","KUB8","explicit-economy-or-infrastructure-review"
"94c9ad6c3539b8cd4cf6beb2ce1a4959713d2cfe","lib/widgets/promotion/promotion_builder_sheet.dart","505","KUB8","explicit-economy-or-infrastructure-review"
"94c9ad6c3539b8cd4cf6beb2ce1a4959713d2cfe","lib/widgets/promotion/promotion_builder_sheet.dart","506","KUB8","explicit-economy-or-infrastructure-review"
"94c9ad6c3539b8cd4cf6beb2ce1a4959713d2cfe","lib/widgets/promotion/promotion_builder_sheet.dart","507","KUB8","explicit-economy-or-infrastructure-review"
"94c9ad6c3539b8cd4cf6beb2ce1a4959713d2cfe","lib/widgets/promotion/promotion_builder_sheet.dart","508","KUB8","explicit-economy-or-infrastructure-review"
"94c9ad6c3539b8cd4cf6beb2ce1a4959713d2cfe","lib/widgets/promotion/promotion_builder_sheet.dart","509","KUB8","explicit-economy-or-infrastructure-review"
"94c9ad6c3539b8cd4cf6beb2ce1a4959713d2cfe","lib/widgets/promotion/promotion_builder_sheet.dart","510","KUB8","explicit-economy-or-infrastructure-review"
"94c9ad6c3539b8cd4cf6beb2ce1a4959713d2cfe","lib/widgets/promotion/promotion_builder_sheet.dart","511","KUB8","explicit-economy-or-infrastructure-review"
"94c9ad6c3539b8cd4cf6beb2ce1a4959713d2cfe","lib/widgets/promotion/promotion_builder_sheet.dart","513","KUB8","explicit-economy-or-infrastructure-review"
"94c9ad6c3539b8cd4cf6beb2ce1a4959713d2cfe","lib/widgets/promotion/promotion_builder_sheet.dart","514","KUB8","explicit-economy-or-infrastructure-review"
"94c9ad6c3539b8cd4cf6beb2ce1a4959713d2cfe","lib/widgets/promotion/promotion_builder_sheet.dart","516","KUB8","explicit-economy-or-infrastructure-review"
"94c9ad6c3539b8cd4cf6beb2ce1a4959713d2cfe","lib/widgets/promotion/promotion_builder_sheet.dart","517","KUB8","explicit-economy-or-infrastructure-review"
"94c9ad6c3539b8cd4cf6beb2ce1a4959713d2cfe","lib/widgets/promotion/promotion_builder_sheet.dart","518","KUB8","explicit-economy-or-infrastructure-review"
"94c9ad6c3539b8cd4cf6beb2ce1a4959713d2cfe","lib/widgets/promotion/promotion_builder_sheet.dart","523","KUB8","explicit-economy-or-infrastructure-review"
"94c9ad6c3539b8cd4cf6beb2ce1a4959713d2cfe","lib/widgets/promotion/promotion_builder_sheet.dart","524","KUB8","explicit-economy-or-infrastructure-review"
"94c9ad6c3539b8cd4cf6beb2ce1a4959713d2cfe","lib/widgets/promotion/promotion_builder_sheet.dart","525","KUB8","explicit-economy-or-infrastructure-review"
"94c9ad6c3539b8cd4cf6beb2ce1a4959713d2cfe","lib/widgets/promotion/promotion_builder_sheet.dart","533","KUB8","explicit-economy-or-infrastructure-review"
"94c9ad6c3539b8cd4cf6beb2ce1a4959713d2cfe","lib/widgets/promotion/promotion_builder_sheet.dart","539","KUB8","explicit-economy-or-infrastructure-review"
"94c9ad6c3539b8cd4cf6beb2ce1a4959713d2cfe","lib/widgets/promotion/promotion_builder_sheet.dart","540","KUB8","explicit-economy-or-infrastructure-review"
"94c9ad6c3539b8cd4cf6beb2ce1a4959713d2cfe","lib/widgets/promotion/promotion_builder_sheet.dart","677","KUB8","explicit-economy-or-infrastructure-review"
"94c9ad6c3539b8cd4cf6beb2ce1a4959713d2cfe","lib/widgets/promotion/promotion_builder_sheet.dart","722","KUB8","explicit-economy-or-infrastructure-review"
"94c9ad6c3539b8cd4cf6beb2ce1a4959713d2cfe","lib/widgets/promotion/promotion_builder_sheet.dart","724","KUB8","explicit-economy-or-infrastructure-review"
"94c9ad6c3539b8cd4cf6beb2ce1a4959713d2cfe","lib/widgets/promotion/promotion_builder_sheet.dart","725","KUB8","explicit-economy-or-infrastructure-review"
"94c9ad6c3539b8cd4cf6beb2ce1a4959713d2cfe","lib/widgets/promotion/promotion_builder_sheet.dart","726","KUB8","explicit-economy-or-infrastructure-review"
"94c9ad6c3539b8cd4cf6beb2ce1a4959713d2cfe","lib/widgets/promotion/promotion_builder_sheet.dart","727","KUB8","explicit-economy-or-infrastructure-review"
"94c9ad6c3539b8cd4cf6beb2ce1a4959713d2cfe","lib/widgets/promotion/promotion_builder_sheet.dart","728","KUB8","explicit-economy-or-infrastructure-review"
"94c9ad6c3539b8cd4cf6beb2ce1a4959713d2cfe","lib/widgets/promotion/promotion_builder_sheet.dart","729","KUB8","explicit-economy-or-infrastructure-review"
"94c9ad6c3539b8cd4cf6beb2ce1a4959713d2cfe","lib/widgets/promotion/promotion_builder_sheet.dart","730","KUB8","explicit-economy-or-infrastructure-review"
"94c9ad6c3539b8cd4cf6beb2ce1a4959713d2cfe","lib/widgets/promotion/promotion_builder_sheet.dart","731","KUB8","explicit-economy-or-infrastructure-review"
"94c9ad6c3539b8cd4cf6beb2ce1a4959713d2cfe","lib/widgets/promotion/promotion_builder_sheet.dart","732","KUB8","explicit-economy-or-infrastructure-review"
"94c9ad6c3539b8cd4cf6beb2ce1a4959713d2cfe","lib/widgets/promotion/promotion_builder_sheet.dart","745","KUB8","explicit-economy-or-infrastructure-review"
"94c9ad6c3539b8cd4cf6beb2ce1a4959713d2cfe","lib/widgets/promotion/promotion_builder_sheet.dart","746","KUB8","explicit-economy-or-infrastructure-review"
"94c9ad6c3539b8cd4cf6beb2ce1a4959713d2cfe","lib/widgets/promotion/promotion_builder_sheet.dart","757","KUB8","explicit-economy-or-infrastructure-review"
"94c9ad6c3539b8cd4cf6beb2ce1a4959713d2cfe","lib/widgets/promotion/promotion_builder_sheet.dart","765","KUB8","explicit-economy-or-infrastructure-review"
"94c9ad6c3539b8cd4cf6beb2ce1a4959713d2cfe","lib/widgets/promotion/promotion_builder_sheet.dart","1003","KUB8","explicit-economy-or-infrastructure-review"
"94c9ad6c3539b8cd4cf6beb2ce1a4959713d2cfe","lib/widgets/promotion/promotion_builder_sheet.dart","1007","KUB8","explicit-economy-or-infrastructure-review"
"94c9ad6c3539b8cd4cf6beb2ce1a4959713d2cfe","lib/widgets/promotion/promotion_builder_sheet.dart","1008","KUB8","explicit-economy-or-infrastructure-review"
"94c9ad6c3539b8cd4cf6beb2ce1a4959713d2cfe","lib/widgets/promotion/promotion_builder_sheet.dart","1024","KUB8","explicit-economy-or-infrastructure-review"
"94c9ad6c3539b8cd4cf6beb2ce1a4959713d2cfe","lib/widgets/promotion/promotion_builder_sheet.dart","1038","KUB8","explicit-economy-or-infrastructure-review"
"94c9ad6c3539b8cd4cf6beb2ce1a4959713d2cfe","lib/widgets/promotion/promotion_builder_sheet.dart","1042","KUB8","explicit-economy-or-infrastructure-review"
"94c9ad6c3539b8cd4cf6beb2ce1a4959713d2cfe","lib/widgets/promotion/promotion_builder_sheet.dart","1045","KUB8","explicit-economy-or-infrastructure-review"
"94c9ad6c3539b8cd4cf6beb2ce1a4959713d2cfe","lib/widgets/promotion/promotion_builder_sheet.dart","1050","KUB8","explicit-economy-or-infrastructure-review"
"94c9ad6c3539b8cd4cf6beb2ce1a4959713d2cfe","lib/widgets/promotion/promotion_builder_sheet.dart","1051","KUB8","explicit-economy-or-infrastructure-review"
"94c9ad6c3539b8cd4cf6beb2ce1a4959713d2cfe","lib/widgets/promotion/promotion_builder_sheet.dart","1052","KUB8","explicit-economy-or-infrastructure-review"
"94c9ad6c3539b8cd4cf6beb2ce1a4959713d2cfe","lib/widgets/promotion/promotion_builder_sheet.dart","1056","KUB8","explicit-economy-or-infrastructure-review"
"94c9ad6c3539b8cd4cf6beb2ce1a4959713d2cfe","lib/widgets/promotion/promotion_builder_sheet.dart","1057","KUB8","explicit-economy-or-infrastructure-review"
"94c9ad6c3539b8cd4cf6beb2ce1a4959713d2cfe","lib/widgets/promotion/promotion_builder_sheet.dart","1058","KUB8","explicit-economy-or-infrastructure-review"
"94c9ad6c3539b8cd4cf6beb2ce1a4959713d2cfe","lib/widgets/promotion/promotion_builder_sheet.dart","1064","KUB8","explicit-economy-or-infrastructure-review"
"94c9ad6c3539b8cd4cf6beb2ce1a4959713d2cfe","lib/widgets/wallet/kubus_token_identity.dart","10","KUB8","explicit-economy-or-infrastructure-review"
"94c9ad6c3539b8cd4cf6beb2ce1a4959713d2cfe","lib/widgets/wallet/kubus_token_identity.dart","61","KUB8","explicit-economy-or-infrastructure-review"
"94c9ad6c3539b8cd4cf6beb2ce1a4959713d2cfe","lib/widgets/wallet/kubus_token_identity.dart","89","KUB8","explicit-economy-or-infrastructure-review"
"94c9ad6c3539b8cd4cf6beb2ce1a4959713d2cfe","lib/widgets/wallet/kubus_token_identity.dart","96","KUB8","explicit-economy-or-infrastructure-review"
"94c9ad6c3539b8cd4cf6beb2ce1a4959713d2cfe","lib/widgets/wallet/kubus_token_identity.dart","107","KUB8","explicit-economy-or-infrastructure-review"
"94c9ad6c3539b8cd4cf6beb2ce1a4959713d2cfe","lib/widgets/wallet/kubus_token_identity.dart","109","KUB8","explicit-economy-or-infrastructure-review"
"94c9ad6c3539b8cd4cf6beb2ce1a4959713d2cfe","lib/widgets/wallet/kubus_token_identity.dart","113","KUB8","explicit-economy-or-infrastructure-review"
"94c9ad6c3539b8cd4cf6beb2ce1a4959713d2cfe","lib/widgets/wallet/kubus_token_identity.dart","116","KUB8","explicit-economy-or-infrastructure-review"
"94c9ad6c3539b8cd4cf6beb2ce1a4959713d2cfe","lib/widgets/wallet/kubus_token_identity.dart","132","KUB8","explicit-economy-or-infrastructure-review"
"94c9ad6c3539b8cd4cf6beb2ce1a4959713d2cfe","lib/widgets/wallet/kubus_token_identity.dart","140","KUB8","explicit-economy-or-infrastructure-review"
"94c9ad6c3539b8cd4cf6beb2ce1a4959713d2cfe","lib/widgets/wallet/kubus_token_identity.dart","142","KUB8","explicit-economy-or-infrastructure-review"
"94c9ad6c3539b8cd4cf6beb2ce1a4959713d2cfe","output/playwright/verify_marker_quick_card.mjs","70","reward","legacy-or-context-review"
"94c9ad6c3539b8cd4cf6beb2ce1a4959713d2cfe","test/art/art_detail_attendance_confirm_test.dart","194","reward","test-fixture-or-assertion"
"94c9ad6c3539b8cd4cf6beb2ce1a4959713d2cfe","test/art/art_detail_comments_test.dart","196","reward","test-fixture-or-assertion"
"94c9ad6c3539b8cd4cf6beb2ce1a4959713d2cfe","test/community/community_post_achievement_result_test.dart","54","KUB8;kub8Reward;reward","test-fixture-or-assertion"
"94c9ad6c3539b8cd4cf6beb2ce1a4959713d2cfe","test/community/community_post_achievement_result_test.dart","55","KUB8;reward","test-fixture-or-assertion"
"94c9ad6c3539b8cd4cf6beb2ce1a4959713d2cfe","test/community/community_post_achievement_result_test.dart","58","KUB8","test-fixture-or-assertion"
"94c9ad6c3539b8cd4cf6beb2ce1a4959713d2cfe","test/community/community_post_achievement_result_test.dart","75","KUB8","test-fixture-or-assertion"
"94c9ad6c3539b8cd4cf6beb2ce1a4959713d2cfe","test/features/map/controller/kubus_map_marker_creation_coordinator_test.dart","29","reward","test-fixture-or-assertion"
"94c9ad6c3539b8cd4cf6beb2ce1a4959713d2cfe","test/features/map/kubus_map_marker_helpers_test.dart","110","reward","test-fixture-or-assertion"
"94c9ad6c3539b8cd4cf6beb2ce1a4959713d2cfe","test/features/map/kubus_map_marker_helpers_test.dart","148","reward","test-fixture-or-assertion"
"94c9ad6c3539b8cd4cf6beb2ce1a4959713d2cfe","test/features/map/map_artwork_filtering_test.dart","31","reward","test-fixture-or-assertion"
"94c9ad6c3539b8cd4cf6beb2ce1a4959713d2cfe","test/features/map/map_marker_overlay_presentation_test.dart","41","reward","test-fixture-or-assertion"
"94c9ad6c3539b8cd4cf6beb2ce1a4959713d2cfe","test/features/map/shared/map_marker_selection_resolver_test.dart","45","reward","test-fixture-or-assertion"
"94c9ad6c3539b8cd4cf6beb2ce1a4959713d2cfe","test/l10n/kubus_node_compute_localization_test.dart","6","reward","test-fixture-or-assertion"
"94c9ad6c3539b8cd4cf6beb2ce1a4959713d2cfe","test/models/achievements_backend_models_test.dart","16","KUB8;kub8Reward;reward","test-fixture-or-assertion"
"94c9ad6c3539b8cd4cf6beb2ce1a4959713d2cfe","test/models/achievements_backend_models_test.dart","35","KUB8;kub8Reward;reward","test-fixture-or-assertion"
"94c9ad6c3539b8cd4cf6beb2ce1a4959713d2cfe","test/models/achievements_backend_models_test.dart","36","KUB8;reward","test-fixture-or-assertion"
"94c9ad6c3539b8cd4cf6beb2ce1a4959713d2cfe","test/models/achievements_backend_models_test.dart","40","KUB8","test-fixture-or-assertion"
"94c9ad6c3539b8cd4cf6beb2ce1a4959713d2cfe","test/models/achievements_backend_models_test.dart","44","KUB8;kub8Reward;reward","test-fixture-or-assertion"
"94c9ad6c3539b8cd4cf6beb2ce1a4959713d2cfe","test/models/achievements_backend_models_test.dart","46","KUB8;reward","test-fixture-or-assertion"
"94c9ad6c3539b8cd4cf6beb2ce1a4959713d2cfe","test/models/achievements_backend_models_test.dart","47","KUB8","test-fixture-or-assertion"
"94c9ad6c3539b8cd4cf6beb2ce1a4959713d2cfe","test/models/artwork_marketplace_parsing_test.dart","19","KUB8","test-fixture-or-assertion"
"94c9ad6c3539b8cd4cf6beb2ce1a4959713d2cfe","test/models/artwork_marketplace_parsing_test.dart","28","reward","test-fixture-or-assertion"
"94c9ad6c3539b8cd4cf6beb2ce1a4959713d2cfe","test/models/artwork_marketplace_parsing_test.dart","36","KUB8","test-fixture-or-assertion"
"94c9ad6c3539b8cd4cf6beb2ce1a4959713d2cfe","test/models/artwork_marketplace_parsing_test.dart","54","reward","test-fixture-or-assertion"
"94c9ad6c3539b8cd4cf6beb2ce1a4959713d2cfe","test/models/event_exhibition_relations_models_test.dart","80","KUB8;reward","test-fixture-or-assertion"
"94c9ad6c3539b8cd4cf6beb2ce1a4959713d2cfe","test/models/event_exhibition_relations_models_test.dart","100","KUB8;kub8Reward;reward","test-fixture-or-assertion"
"94c9ad6c3539b8cd4cf6beb2ce1a4959713d2cfe","test/models/event_exhibition_relations_models_test.dart","102","KUB8","test-fixture-or-assertion"
"94c9ad6c3539b8cd4cf6beb2ce1a4959713d2cfe","test/models/event_exhibition_relations_models_test.dart","110","KUB8;reward","test-fixture-or-assertion"
"94c9ad6c3539b8cd4cf6beb2ce1a4959713d2cfe","test/models/event_exhibition_relations_models_test.dart","117","KUB8","test-fixture-or-assertion"
"94c9ad6c3539b8cd4cf6beb2ce1a4959713d2cfe","test/models/event_exhibition_relations_models_test.dart","129","KUB8;reward","test-fixture-or-assertion"
"94c9ad6c3539b8cd4cf6beb2ce1a4959713d2cfe","test/models/event_exhibition_relations_models_test.dart","147","KUB8","test-fixture-or-assertion"
"94c9ad6c3539b8cd4cf6beb2ce1a4959713d2cfe","test/node/node_state_presentation_test.dart","219","KUB8","test-fixture-or-assertion"
"94c9ad6c3539b8cd4cf6beb2ce1a4959713d2cfe","test/node/node_state_presentation_test.dart","220","KUB8","test-fixture-or-assertion"
"94c9ad6c3539b8cd4cf6beb2ce1a4959713d2cfe","test/node/node_state_presentation_test.dart","221","KUB8","test-fixture-or-assertion"
"94c9ad6c3539b8cd4cf6beb2ce1a4959713d2cfe","test/providers/artwork_provider_inflight_dedupe_test.dart","117","reward","test-fixture-or-assertion"
"94c9ad6c3539b8cd4cf6beb2ce1a4959713d2cfe","test/providers/artwork_provider_inflight_dedupe_test.dart","189","reward","test-fixture-or-assertion"
"94c9ad6c3539b8cd4cf6beb2ce1a4959713d2cfe","test/providers/artwork_provider_saved_items_source_test.dart","86","reward","test-fixture-or-assertion"
"94c9ad6c3539b8cd4cf6beb2ce1a4959713d2cfe","test/providers/collectibles_marketplace_entries_test.dart","26","reward","test-fixture-or-assertion"
"94c9ad6c3539b8cd4cf6beb2ce1a4959713d2cfe","test/providers/collectibles_marketplace_entries_test.dart","86","KUB8","test-fixture-or-assertion"
"94c9ad6c3539b8cd4cf6beb2ce1a4959713d2cfe","test/providers/collectibles_marketplace_entries_test.dart","151","KUB8","test-fixture-or-assertion"
"94c9ad6c3539b8cd4cf6beb2ce1a4959713d2cfe","test/providers/collectibles_marketplace_entries_test.dart","190","KUB8","test-fixture-or-assertion"
"94c9ad6c3539b8cd4cf6beb2ce1a4959713d2cfe","test/providers/collectibles_marketplace_entries_test.dart","203","KUB8","test-fixture-or-assertion"
"94c9ad6c3539b8cd4cf6beb2ce1a4959713d2cfe","test/providers/profile_package_controller_test.dart","244","KUB8;kub8Reward;reward","test-fixture-or-assertion"
"94c9ad6c3539b8cd4cf6beb2ce1a4959713d2cfe","test/providers/profile_package_controller_test.dart","333","KUB8;kub8Reward;reward","test-fixture-or-assertion"
"94c9ad6c3539b8cd4cf6beb2ce1a4959713d2cfe","test/providers/profile_package_controller_test.dart","345","KUB8","test-fixture-or-assertion"
"94c9ad6c3539b8cd4cf6beb2ce1a4959713d2cfe","test/providers/promotion_kub8_payment_durability_test.dart","12","KUB8","test-fixture-or-assertion"
"94c9ad6c3539b8cd4cf6beb2ce1a4959713d2cfe","test/providers/promotion_kub8_payment_durability_test.dart","16","KUB8","test-fixture-or-assertion"
"94c9ad6c3539b8cd4cf6beb2ce1a4959713d2cfe","test/providers/promotion_kub8_payment_durability_test.dart","34","KUB8","test-fixture-or-assertion"
"94c9ad6c3539b8cd4cf6beb2ce1a4959713d2cfe","test/providers/promotion_kub8_payment_durability_test.dart","59","KUB8","test-fixture-or-assertion"
"94c9ad6c3539b8cd4cf6beb2ce1a4959713d2cfe","test/providers/promotion_kub8_payment_durability_test.dart","85","KUB8","test-fixture-or-assertion"
"94c9ad6c3539b8cd4cf6beb2ce1a4959713d2cfe","test/providers/promotion_kub8_payment_durability_test.dart","88","KUB8","test-fixture-or-assertion"
"94c9ad6c3539b8cd4cf6beb2ce1a4959713d2cfe","test/providers/promotion_kub8_payment_durability_test.dart","89","KUB8","test-fixture-or-assertion"
"94c9ad6c3539b8cd4cf6beb2ce1a4959713d2cfe","test/providers/promotion_kub8_payment_durability_test.dart","90","KUB8","test-fixture-or-assertion"
"94c9ad6c3539b8cd4cf6beb2ce1a4959713d2cfe","test/providers/promotion_kub8_payment_durability_test.dart","116","KUB8","test-fixture-or-assertion"
"94c9ad6c3539b8cd4cf6beb2ce1a4959713d2cfe","test/providers/promotion_kub8_payment_durability_test.dart","121","KUB8","test-fixture-or-assertion"
"94c9ad6c3539b8cd4cf6beb2ce1a4959713d2cfe","test/providers/promotion_kub8_payment_durability_test.dart","139","KUB8","test-fixture-or-assertion"
"94c9ad6c3539b8cd4cf6beb2ce1a4959713d2cfe","test/providers/promotion_provider_test.dart","116","KUB8","test-fixture-or-assertion"
"94c9ad6c3539b8cd4cf6beb2ce1a4959713d2cfe","test/providers/promotion_provider_test.dart","129","KUB8","test-fixture-or-assertion"
"94c9ad6c3539b8cd4cf6beb2ce1a4959713d2cfe","test/providers/promotion_provider_test.dart","133","KUB8","test-fixture-or-assertion"
"94c9ad6c3539b8cd4cf6beb2ce1a4959713d2cfe","test/providers/promotion_provider_test.dart","135","KUB8","test-fixture-or-assertion"
"94c9ad6c3539b8cd4cf6beb2ce1a4959713d2cfe","test/providers/promotion_provider_test.dart","139","KUB8","test-fixture-or-assertion"
"94c9ad6c3539b8cd4cf6beb2ce1a4959713d2cfe","test/providers/promotion_provider_test.dart","140","KUB8","test-fixture-or-assertion"
"94c9ad6c3539b8cd4cf6beb2ce1a4959713d2cfe","test/providers/promotion_provider_test.dart","142","KUB8","test-fixture-or-assertion"
"94c9ad6c3539b8cd4cf6beb2ce1a4959713d2cfe","test/providers/promotion_provider_test.dart","143","KUB8","test-fixture-or-assertion"
"94c9ad6c3539b8cd4cf6beb2ce1a4959713d2cfe","test/providers/promotion_provider_test.dart","146","KUB8","test-fixture-or-assertion"
"94c9ad6c3539b8cd4cf6beb2ce1a4959713d2cfe","test/providers/promotion_provider_test.dart","376","KUB8","test-fixture-or-assertion"
"94c9ad6c3539b8cd4cf6beb2ce1a4959713d2cfe","test/providers/promotion_provider_test.dart","378","KUB8","test-fixture-or-assertion"
"94c9ad6c3539b8cd4cf6beb2ce1a4959713d2cfe","test/providers/promotion_provider_test.dart","382","KUB8","test-fixture-or-assertion"
"94c9ad6c3539b8cd4cf6beb2ce1a4959713d2cfe","test/providers/promotion_provider_test.dart","402","KUB8","test-fixture-or-assertion"
"94c9ad6c3539b8cd4cf6beb2ce1a4959713d2cfe","test/providers/promotion_provider_test.dart","409","KUB8","test-fixture-or-assertion"
"94c9ad6c3539b8cd4cf6beb2ce1a4959713d2cfe","test/providers/promotion_provider_test.dart","413","KUB8","test-fixture-or-assertion"
"94c9ad6c3539b8cd4cf6beb2ce1a4959713d2cfe","test/providers/promotion_provider_test.dart","422","KUB8","test-fixture-or-assertion"
"94c9ad6c3539b8cd4cf6beb2ce1a4959713d2cfe","test/providers/promotion_provider_test.dart","437","KUB8","test-fixture-or-assertion"
"94c9ad6c3539b8cd4cf6beb2ce1a4959713d2cfe","test/providers/promotion_provider_test.dart","439","KUB8","test-fixture-or-assertion"
"94c9ad6c3539b8cd4cf6beb2ce1a4959713d2cfe","test/providers/promotion_provider_test.dart","463","KUB8","test-fixture-or-assertion"
"94c9ad6c3539b8cd4cf6beb2ce1a4959713d2cfe","test/providers/promotion_provider_test.dart","465","KUB8","test-fixture-or-assertion"
"94c9ad6c3539b8cd4cf6beb2ce1a4959713d2cfe","test/providers/promotion_provider_test.dart","469","KUB8","test-fixture-or-assertion"
"94c9ad6c3539b8cd4cf6beb2ce1a4959713d2cfe","test/providers/promotion_provider_test.dart","479","KUB8","test-fixture-or-assertion"
"94c9ad6c3539b8cd4cf6beb2ce1a4959713d2cfe","test/providers/promotion_provider_test.dart","499","KUB8","test-fixture-or-assertion"
"94c9ad6c3539b8cd4cf6beb2ce1a4959713d2cfe","test/providers/promotion_provider_test.dart","500","KUB8","test-fixture-or-assertion"
"94c9ad6c3539b8cd4cf6beb2ce1a4959713d2cfe","test/providers/promotion_provider_test.dart","515","KUB8","test-fixture-or-assertion"
"94c9ad6c3539b8cd4cf6beb2ce1a4959713d2cfe","test/providers/promotion_provider_test.dart","525","KUB8","test-fixture-or-assertion"
"94c9ad6c3539b8cd4cf6beb2ce1a4959713d2cfe","test/providers/promotion_provider_test.dart","527","KUB8","test-fixture-or-assertion"
"94c9ad6c3539b8cd4cf6beb2ce1a4959713d2cfe","test/providers/promotion_provider_test.dart","531","KUB8","test-fixture-or-assertion"
"94c9ad6c3539b8cd4cf6beb2ce1a4959713d2cfe","test/providers/promotion_provider_test.dart","550","KUB8","test-fixture-or-assertion"
"94c9ad6c3539b8cd4cf6beb2ce1a4959713d2cfe","test/providers/promotion_provider_test.dart","588","KUB8","test-fixture-or-assertion"
"94c9ad6c3539b8cd4cf6beb2ce1a4959713d2cfe","test/providers/promotion_provider_test.dart","590","KUB8","test-fixture-or-assertion"
"94c9ad6c3539b8cd4cf6beb2ce1a4959713d2cfe","test/providers/promotion_provider_test.dart","613","KUB8","test-fixture-or-assertion"
"94c9ad6c3539b8cd4cf6beb2ce1a4959713d2cfe","test/providers/promotion_provider_test.dart","615","KUB8","test-fixture-or-assertion"
"94c9ad6c3539b8cd4cf6beb2ce1a4959713d2cfe","test/providers/promotion_provider_test.dart","619","KUB8","test-fixture-or-assertion"
"94c9ad6c3539b8cd4cf6beb2ce1a4959713d2cfe","test/providers/promotion_provider_test.dart","629","KUB8","test-fixture-or-assertion"
"94c9ad6c3539b8cd4cf6beb2ce1a4959713d2cfe","test/providers/promotion_provider_test.dart","643","KUB8","test-fixture-or-assertion"
"94c9ad6c3539b8cd4cf6beb2ce1a4959713d2cfe","test/providers/promotion_provider_test.dart","646","KUB8","test-fixture-or-assertion"
"94c9ad6c3539b8cd4cf6beb2ce1a4959713d2cfe","test/providers/promotion_provider_test.dart","648","KUB8","test-fixture-or-assertion"
"94c9ad6c3539b8cd4cf6beb2ce1a4959713d2cfe","test/providers/recent_activity_provider_unread_mapping_test.dart","47","reward","test-fixture-or-assertion"
"94c9ad6c3539b8cd4cf6beb2ce1a4959713d2cfe","test/providers/recent_activity_provider_unread_mapping_test.dart","48","reward","test-fixture-or-assertion"
"94c9ad6c3539b8cd4cf6beb2ce1a4959713d2cfe","test/providers/recent_activity_provider_unread_mapping_test.dart","49","KUB8","test-fixture-or-assertion"
"94c9ad6c3539b8cd4cf6beb2ce1a4959713d2cfe","test/providers/task_provider_achievements_test.dart","17","KUB8","test-fixture-or-assertion"
"94c9ad6c3539b8cd4cf6beb2ce1a4959713d2cfe","test/providers/task_provider_achievements_test.dart","38","KUB8;kub8Reward;reward","test-fixture-or-assertion"
"94c9ad6c3539b8cd4cf6beb2ce1a4959713d2cfe","test/providers/task_provider_achievements_test.dart","39","KUB8;reward","test-fixture-or-assertion"
"94c9ad6c3539b8cd4cf6beb2ce1a4959713d2cfe","test/providers/task_provider_achievements_test.dart","43","KUB8","test-fixture-or-assertion"
"94c9ad6c3539b8cd4cf6beb2ce1a4959713d2cfe","test/providers/task_provider_achievements_test.dart","51","KUB8","test-fixture-or-assertion"
"94c9ad6c3539b8cd4cf6beb2ce1a4959713d2cfe","test/providers/task_provider_achievements_test.dart","54","KUB8","test-fixture-or-assertion"
"94c9ad6c3539b8cd4cf6beb2ce1a4959713d2cfe","test/providers/task_provider_achievements_test.dart","71","KUB8;kub8Reward;reward","test-fixture-or-assertion"
"94c9ad6c3539b8cd4cf6beb2ce1a4959713d2cfe","test/providers/task_provider_achievements_test.dart","89","KUB8;kub8Reward;reward","test-fixture-or-assertion"
"94c9ad6c3539b8cd4cf6beb2ce1a4959713d2cfe","test/providers/task_provider_achievements_test.dart","90","KUB8;reward","test-fixture-or-assertion"
"94c9ad6c3539b8cd4cf6beb2ce1a4959713d2cfe","test/providers/task_provider_achievements_test.dart","93","KUB8","test-fixture-or-assertion"
"94c9ad6c3539b8cd4cf6beb2ce1a4959713d2cfe","test/providers/task_provider_achievements_test.dart","106","KUB8;kub8Reward;reward","test-fixture-or-assertion"
"94c9ad6c3539b8cd4cf6beb2ce1a4959713d2cfe","test/providers/task_provider_achievements_test.dart","108","KUB8","test-fixture-or-assertion"
"94c9ad6c3539b8cd4cf6beb2ce1a4959713d2cfe","test/providers/wallet_provider_session_test.dart","357","KUB8","test-fixture-or-assertion"
"94c9ad6c3539b8cd4cf6beb2ce1a4959713d2cfe","test/screens/achievements_page_backend_refresh_test.dart","20","KUB8","test-fixture-or-assertion"
"94c9ad6c3539b8cd4cf6beb2ce1a4959713d2cfe","test/screens/achievements_page_backend_refresh_test.dart","37","KUB8;kub8Reward;reward","test-fixture-or-assertion"
"94c9ad6c3539b8cd4cf6beb2ce1a4959713d2cfe","test/screens/achievements_page_backend_refresh_test.dart","55","KUB8;kub8Reward;reward","test-fixture-or-assertion"
"94c9ad6c3539b8cd4cf6beb2ce1a4959713d2cfe","test/screens/achievements_page_backend_refresh_test.dart","56","KUB8;reward","test-fixture-or-assertion"
"94c9ad6c3539b8cd4cf6beb2ce1a4959713d2cfe","test/screens/achievements_page_backend_refresh_test.dart","59","KUB8","test-fixture-or-assertion"
"94c9ad6c3539b8cd4cf6beb2ce1a4959713d2cfe","test/screens/achievements_page_backend_refresh_test.dart","84","KUB8","test-fixture-or-assertion"
"94c9ad6c3539b8cd4cf6beb2ce1a4959713d2cfe","test/screens/artist_portfolio_promotion_actions_test.dart","29","reward","test-fixture-or-assertion"
"94c9ad6c3539b8cd4cf6beb2ce1a4959713d2cfe","test/screens/artist_portfolio_promotion_actions_test.dart","56","reward","test-fixture-or-assertion"
"94c9ad6c3539b8cd4cf6beb2ce1a4959713d2cfe","test/services/achievement_service_backend_definitions_test.dart","33","KUB8;kub8Reward;reward","test-fixture-or-assertion"
"94c9ad6c3539b8cd4cf6beb2ce1a4959713d2cfe","test/services/achievement_service_backend_definitions_test.dart","54","KUB8;kub8Reward;reward","test-fixture-or-assertion"
"94c9ad6c3539b8cd4cf6beb2ce1a4959713d2cfe","test/services/achievement_service_backend_definitions_test.dart","71","KUB8;kub8Reward;reward","test-fixture-or-assertion"
"94c9ad6c3539b8cd4cf6beb2ce1a4959713d2cfe","test/services/backend_api_service_promotions_test.dart","184","KUB8","test-fixture-or-assertion"
"94c9ad6c3539b8cd4cf6beb2ce1a4959713d2cfe","test/services/backend_api_service_promotions_test.dart","215","KUB8","test-fixture-or-assertion"
"94c9ad6c3539b8cd4cf6beb2ce1a4959713d2cfe","test/services/backend_api_service_promotions_test.dart","222","KUB8","test-fixture-or-assertion"
"94c9ad6c3539b8cd4cf6beb2ce1a4959713d2cfe","test/services/backend_api_service_promotions_test.dart","227","KUB8","test-fixture-or-assertion"
"94c9ad6c3539b8cd4cf6beb2ce1a4959713d2cfe","test/services/backend_api_service_promotions_test.dart","234","KUB8","test-fixture-or-assertion"
"94c9ad6c3539b8cd4cf6beb2ce1a4959713d2cfe","test/services/backend_api_service_promotions_test.dart","236","KUB8","test-fixture-or-assertion"
"94c9ad6c3539b8cd4cf6beb2ce1a4959713d2cfe","test/services/backend_api_service_promotions_test.dart","240","KUB8","test-fixture-or-assertion"
"94c9ad6c3539b8cd4cf6beb2ce1a4959713d2cfe","test/services/backend_api_service_promotions_test.dart","260","KUB8","test-fixture-or-assertion"
"94c9ad6c3539b8cd4cf6beb2ce1a4959713d2cfe","test/services/backend_api_service_promotions_test.dart","261","KUB8","test-fixture-or-assertion"
"94c9ad6c3539b8cd4cf6beb2ce1a4959713d2cfe","test/services/backend_api_service_promotions_test.dart","265","KUB8","test-fixture-or-assertion"
"94c9ad6c3539b8cd4cf6beb2ce1a4959713d2cfe","test/services/backend_api_service_promotions_test.dart","266","KUB8","test-fixture-or-assertion"
"94c9ad6c3539b8cd4cf6beb2ce1a4959713d2cfe","test/services/backend_api_service_promotions_test.dart","267","KUB8","test-fixture-or-assertion"
"94c9ad6c3539b8cd4cf6beb2ce1a4959713d2cfe","test/services/backend_api_service_promotions_test.dart","269","KUB8","test-fixture-or-assertion"
"94c9ad6c3539b8cd4cf6beb2ce1a4959713d2cfe","test/services/backend_api_service_promotions_test.dart","272","KUB8","test-fixture-or-assertion"
"94c9ad6c3539b8cd4cf6beb2ce1a4959713d2cfe","test/services/backend_api_service_promotions_test.dart","275","KUB8","test-fixture-or-assertion"
"94c9ad6c3539b8cd4cf6beb2ce1a4959713d2cfe","test/services/backend_api_service_promotions_test.dart","282","KUB8","test-fixture-or-assertion"
"94c9ad6c3539b8cd4cf6beb2ce1a4959713d2cfe","test/services/backend_api_service_promotions_test.dart","299","KUB8","test-fixture-or-assertion"
"94c9ad6c3539b8cd4cf6beb2ce1a4959713d2cfe","test/services/ipfs_metadata_resolver_test.dart","21","KUB8","test-fixture-or-assertion"
"94c9ad6c3539b8cd4cf6beb2ce1a4959713d2cfe","test/services/ipfs_metadata_resolver_test.dart","34","KUB8","test-fixture-or-assertion"
"94c9ad6c3539b8cd4cf6beb2ce1a4959713d2cfe","test/services/ipfs_metadata_resolver_test.dart","37","KUB8","test-fixture-or-assertion"
"94c9ad6c3539b8cd4cf6beb2ce1a4959713d2cfe","test/services/ipfs_metadata_resolver_test.dart","52","KUB8","test-fixture-or-assertion"
"94c9ad6c3539b8cd4cf6beb2ce1a4959713d2cfe","test/services/ipfs_metadata_resolver_test.dart","56","KUB8","test-fixture-or-assertion"
"94c9ad6c3539b8cd4cf6beb2ce1a4959713d2cfe","test/services/ipfs_metadata_resolver_test.dart","65","KUB8","test-fixture-or-assertion"
"94c9ad6c3539b8cd4cf6beb2ce1a4959713d2cfe","test/services/ipfs_metadata_resolver_test.dart","70","KUB8","test-fixture-or-assertion"
"94c9ad6c3539b8cd4cf6beb2ce1a4959713d2cfe","test/services/ipfs_metadata_resolver_test.dart","73","KUB8","test-fixture-or-assertion"
"94c9ad6c3539b8cd4cf6beb2ce1a4959713d2cfe","test/services/ipfs_metadata_resolver_test.dart","75","KUB8","test-fixture-or-assertion"
"94c9ad6c3539b8cd4cf6beb2ce1a4959713d2cfe","test/services/profile_package_service_test.dart","309","KUB8;kub8Reward;reward","test-fixture-or-assertion"
"94c9ad6c3539b8cd4cf6beb2ce1a4959713d2cfe","test/services/profile_package_service_test.dart","455","KUB8;kub8Reward;reward","test-fixture-or-assertion"
"94c9ad6c3539b8cd4cf6beb2ce1a4959713d2cfe","test/services/profile_package_service_test.dart","507","KUB8;kub8Reward;reward","test-fixture-or-assertion"
"94c9ad6c3539b8cd4cf6beb2ce1a4959713d2cfe","test/services/profile_package_service_test.dart","519","KUB8","test-fixture-or-assertion"
"94c9ad6c3539b8cd4cf6beb2ce1a4959713d2cfe","test/services/profile_package_service_test.dart","566","KUB8;kub8Reward;reward","test-fixture-or-assertion"
"94c9ad6c3539b8cd4cf6beb2ce1a4959713d2cfe","test/spatial/spatial_test_fixtures.dart","70","reward","test-fixture-or-assertion"
"94c9ad6c3539b8cd4cf6beb2ce1a4959713d2cfe","test/utils/artwork_location_actions_test.dart","27","reward","test-fixture-or-assertion"
"94c9ad6c3539b8cd4cf6beb2ce1a4959713d2cfe","test/utils/profile_package_prefetcher_test.dart","152","KUB8;kub8Reward;reward","test-fixture-or-assertion"
"94c9ad6c3539b8cd4cf6beb2ce1a4959713d2cfe","test/wallet/desktop_wallet_completion_test.dart","61","reward","test-fixture-or-assertion"
"94c9ad6c3539b8cd4cf6beb2ce1a4959713d2cfe","test/widgets/common/kubus_marker_overlay_card_test.dart","45","reward","test-fixture-or-assertion"
"94c9ad6c3539b8cd4cf6beb2ce1a4959713d2cfe","test/widgets/common/kubus_marker_overlay_card_test.dart","247","reward","test-fixture-or-assertion"
"94c9ad6c3539b8cd4cf6beb2ce1a4959713d2cfe","test/widgets/common/kubus_marker_overlay_card_test.dart","299","reward","test-fixture-or-assertion"
"94c9ad6c3539b8cd4cf6beb2ce1a4959713d2cfe","test/widgets/common/kubus_marker_overlay_card_test.dart","908","reward","test-fixture-or-assertion"
"94c9ad6c3539b8cd4cf6beb2ce1a4959713d2cfe","test/widgets/kubus_token_identity_test.dart","23","KUB8","test-fixture-or-assertion"
"94c9ad6c3539b8cd4cf6beb2ce1a4959713d2cfe","test/widgets/kubus_token_identity_test.dart","28","KUB8","test-fixture-or-assertion"
"94c9ad6c3539b8cd4cf6beb2ce1a4959713d2cfe","test/widgets/kubus_token_identity_test.dart","30","KUB8","test-fixture-or-assertion"
"94c9ad6c3539b8cd4cf6beb2ce1a4959713d2cfe","test/widgets/kubus_token_identity_test.dart","31","KUB8","test-fixture-or-assertion"
"94c9ad6c3539b8cd4cf6beb2ce1a4959713d2cfe","test/widgets/kubus_token_identity_test.dart","39","KUB8","test-fixture-or-assertion"
"94c9ad6c3539b8cd4cf6beb2ce1a4959713d2cfe","test/widgets/kubus_token_identity_test.dart","40","KUB8","test-fixture-or-assertion"
"94c9ad6c3539b8cd4cf6beb2ce1a4959713d2cfe","test/widgets/kubus_token_identity_test.dart","41","KUB8","test-fixture-or-assertion"
"94c9ad6c3539b8cd4cf6beb2ce1a4959713d2cfe","test/widgets/kubus_token_identity_test.dart","47","KUB8","test-fixture-or-assertion"
"94c9ad6c3539b8cd4cf6beb2ce1a4959713d2cfe","test/widgets/kubus_token_identity_test.dart","50","KUB8","test-fixture-or-assertion"
"94c9ad6c3539b8cd4cf6beb2ce1a4959713d2cfe","test/widgets/kubus_token_identity_test.dart","54","KUB8","test-fixture-or-assertion"
"94c9ad6c3539b8cd4cf6beb2ce1a4959713d2cfe","test/widgets/kubus_token_identity_test.dart","66","KUB8","test-fixture-or-assertion"
"94c9ad6c3539b8cd4cf6beb2ce1a4959713d2cfe","test/widgets/kubus_token_identity_test.dart","87","KUB8","test-fixture-or-assertion"
"94c9ad6c3539b8cd4cf6beb2ce1a4959713d2cfe","test/widgets/kubus_token_identity_test.dart","125","KUB8","test-fixture-or-assertion"
"94c9ad6c3539b8cd4cf6beb2ce1a4959713d2cfe","test/widgets/kubus_token_identity_test.dart","146","KUB8","test-fixture-or-assertion"
"94c9ad6c3539b8cd4cf6beb2ce1a4959713d2cfe","test/widgets/kubus_token_identity_test.dart","147","KUB8","test-fixture-or-assertion"
"94c9ad6c3539b8cd4cf6beb2ce1a4959713d2cfe","test/widgets/kubus_token_identity_test.dart","152","KUB8","test-fixture-or-assertion"
"94c9ad6c3539b8cd4cf6beb2ce1a4959713d2cfe","test/widgets/map/nearby/kubus_nearby_art_panel_interaction_test.dart","230","reward","test-fixture-or-assertion"
"94c9ad6c3539b8cd4cf6beb2ce1a4959713d2cfe","test/widgets/marketplace/marketplace_screen_parity_test.dart","27","reward","test-fixture-or-assertion"
"94c9ad6c3539b8cd4cf6beb2ce1a4959713d2cfe","test/widgets/marketplace/marketplace_screen_parity_test.dart","41","reward","test-fixture-or-assertion"
"94c9ad6c3539b8cd4cf6beb2ce1a4959713d2cfe","test/widgets/marketplace/marketplace_screen_parity_test.dart","192","KUB8","test-fixture-or-assertion"
"94c9ad6c3539b8cd4cf6beb2ce1a4959713d2cfe","test/widgets/marketplace/marketplace_screen_parity_test.dart","213","KUB8","test-fixture-or-assertion"
"94c9ad6c3539b8cd4cf6beb2ce1a4959713d2cfe","test/widgets/profile_achievements_badges_sections_test.dart","96","reward","test-fixture-or-assertion"
"94c9ad6c3539b8cd4cf6beb2ce1a4959713d2cfe","test/widgets/profile_achievements_badges_sections_test.dart","106","reward","test-fixture-or-assertion"
"94c9ad6c3539b8cd4cf6beb2ce1a4959713d2cfe","test/widgets/profile_achievements_badges_sections_test.dart","110","KUB8;kub8Reward;reward","test-fixture-or-assertion"
"94c9ad6c3539b8cd4cf6beb2ce1a4959713d2cfe","test/widgets/profile_achievements_badges_sections_test.dart","125","KUB8","test-fixture-or-assertion"
"94c9ad6c3539b8cd4cf6beb2ce1a4959713d2cfe","test/widgets/profile_achievements_badges_sections_test.dart","174","KUB8","test-fixture-or-assertion"
"94c9ad6c3539b8cd4cf6beb2ce1a4959713d2cfe","test/widgets/profile_achievements_badges_sections_test.dart","184","KUB8;kub8Reward;reward","test-fixture-or-assertion"
"94c9ad6c3539b8cd4cf6beb2ce1a4959713d2cfe","test/widgets/profile_achievements_badges_sections_test.dart","213","KUB8","test-fixture-or-assertion"
"94c9ad6c3539b8cd4cf6beb2ce1a4959713d2cfe","test/widgets/promotion_request_sheet_test.dart","23","KUB8","test-fixture-or-assertion"
"94c9ad6c3539b8cd4cf6beb2ce1a4959713d2cfe","test/widgets/promotion_request_sheet_test.dart","134","KUB8","test-fixture-or-assertion"
"94c9ad6c3539b8cd4cf6beb2ce1a4959713d2cfe","test/widgets/promotion_request_sheet_test.dart","139","KUB8","test-fixture-or-assertion"
"94c9ad6c3539b8cd4cf6beb2ce1a4959713d2cfe","test/widgets/promotion_request_sheet_test.dart","140","KUB8","test-fixture-or-assertion"
"94c9ad6c3539b8cd4cf6beb2ce1a4959713d2cfe","test/widgets/promotion_request_sheet_test.dart","165","KUB8","test-fixture-or-assertion"
"94c9ad6c3539b8cd4cf6beb2ce1a4959713d2cfe","test/widgets/promotion_request_sheet_test.dart","166","KUB8","test-fixture-or-assertion"
"94c9ad6c3539b8cd4cf6beb2ce1a4959713d2cfe","test/widgets/promotion_request_sheet_test.dart","167","KUB8","test-fixture-or-assertion"
"94c9ad6c3539b8cd4cf6beb2ce1a4959713d2cfe","test/widgets/promotion_request_sheet_test.dart","168","KUB8","test-fixture-or-assertion"
"94c9ad6c3539b8cd4cf6beb2ce1a4959713d2cfe","test/widgets/promotion_request_sheet_test.dart","191","KUB8","test-fixture-or-assertion"
"94c9ad6c3539b8cd4cf6beb2ce1a4959713d2cfe","test/widgets/promotion_request_sheet_test.dart","226","KUB8","test-fixture-or-assertion"
"94c9ad6c3539b8cd4cf6beb2ce1a4959713d2cfe","test/widgets/promotion_request_sheet_test.dart","230","KUB8","test-fixture-or-assertion"
"94c9ad6c3539b8cd4cf6beb2ce1a4959713d2cfe","test/widgets/promotion_request_sheet_test.dart","232","KUB8","test-fixture-or-assertion"
"94c9ad6c3539b8cd4cf6beb2ce1a4959713d2cfe","test/widgets/promotion_request_sheet_test.dart","236","KUB8","test-fixture-or-assertion"
"94c9ad6c3539b8cd4cf6beb2ce1a4959713d2cfe","test/widgets/promotion_request_sheet_test.dart","237","KUB8","test-fixture-or-assertion"
"94c9ad6c3539b8cd4cf6beb2ce1a4959713d2cfe","test/widgets/promotion_request_sheet_test.dart","239","KUB8","test-fixture-or-assertion"
"94c9ad6c3539b8cd4cf6beb2ce1a4959713d2cfe","test/widgets/promotion_request_sheet_test.dart","240","KUB8","test-fixture-or-assertion"
"94c9ad6c3539b8cd4cf6beb2ce1a4959713d2cfe","test/widgets/promotion_request_sheet_test.dart","241","KUB8","test-fixture-or-assertion"
"94c9ad6c3539b8cd4cf6beb2ce1a4959713d2cfe","test/widgets/promotion_request_sheet_test.dart","243","KUB8","test-fixture-or-assertion"
"94c9ad6c3539b8cd4cf6beb2ce1a4959713d2cfe","test/widgets/promotion_request_sheet_test.dart","291","KUB8","test-fixture-or-assertion"
"94c9ad6c3539b8cd4cf6beb2ce1a4959713d2cfe","test/widgets/promotion_request_sheet_test.dart","295","KUB8","test-fixture-or-assertion"
"94c9ad6c3539b8cd4cf6beb2ce1a4959713d2cfe","test/widgets/promotion_request_sheet_test.dart","367","KUB8","test-fixture-or-assertion"
"94c9ad6c3539b8cd4cf6beb2ce1a4959713d2cfe","test/widgets/promotion_request_sheet_test.dart","369","KUB8","test-fixture-or-assertion"
"94c9ad6c3539b8cd4cf6beb2ce1a4959713d2cfe","test/widgets/promotion_request_sheet_test.dart","370","KUB8","test-fixture-or-assertion"
"94c9ad6c3539b8cd4cf6beb2ce1a4959713d2cfe","test/widgets/promotion_request_sheet_test.dart","371","KUB8","test-fixture-or-assertion"
"94c9ad6c3539b8cd4cf6beb2ce1a4959713d2cfe","test/widgets/promotion_request_sheet_test.dart","410","KUB8","test-fixture-or-assertion"
"94c9ad6c3539b8cd4cf6beb2ce1a4959713d2cfe","test/widgets/promotion_request_sheet_test.dart","421","KUB8","test-fixture-or-assertion"
"94c9ad6c3539b8cd4cf6beb2ce1a4959713d2cfe","test/widgets/promotion_request_sheet_test.dart","427","KUB8","test-fixture-or-assertion"
"94c9ad6c3539b8cd4cf6beb2ce1a4959713d2cfe","test/widgets/promotion_request_sheet_test.dart","430","KUB8","test-fixture-or-assertion"
"94c9ad6c3539b8cd4cf6beb2ce1a4959713d2cfe","test/widgets/promotion_request_sheet_test.dart","436","KUB8","test-fixture-or-assertion"
"94c9ad6c3539b8cd4cf6beb2ce1a4959713d2cfe","test/widgets/promotion_request_sheet_test.dart","442","KUB8","test-fixture-or-assertion"
"94c9ad6c3539b8cd4cf6beb2ce1a4959713d2cfe","test/widgets/promotion_request_sheet_test.dart","444","KUB8","test-fixture-or-assertion"
"94c9ad6c3539b8cd4cf6beb2ce1a4959713d2cfe","test/widgets/promotion_request_sheet_test.dart","448","KUB8","test-fixture-or-assertion"
"94c9ad6c3539b8cd4cf6beb2ce1a4959713d2cfe","test/widgets/promotion_request_sheet_test.dart","451","KUB8","test-fixture-or-assertion"
"94c9ad6c3539b8cd4cf6beb2ce1a4959713d2cfe","test/widgets/promotion_request_sheet_test.dart","459","KUB8","test-fixture-or-assertion"
"94c9ad6c3539b8cd4cf6beb2ce1a4959713d2cfe","test/widgets/promotion_request_sheet_test.dart","465","KUB8","test-fixture-or-assertion"
"94c9ad6c3539b8cd4cf6beb2ce1a4959713d2cfe","test/widgets/promotion_request_sheet_test.dart","469","KUB8","test-fixture-or-assertion"
"94c9ad6c3539b8cd4cf6beb2ce1a4959713d2cfe","test/widgets/promotion_request_sheet_test.dart","475","KUB8","test-fixture-or-assertion"
"94c9ad6c3539b8cd4cf6beb2ce1a4959713d2cfe","test/widgets/promotion_request_sheet_test.dart","482","KUB8","test-fixture-or-assertion"
"94c9ad6c3539b8cd4cf6beb2ce1a4959713d2cfe","test/widgets/promotion_request_sheet_test.dart","488","KUB8","test-fixture-or-assertion"
"94c9ad6c3539b8cd4cf6beb2ce1a4959713d2cfe","test/widgets/promotion_request_sheet_test.dart","492","KUB8","test-fixture-or-assertion"
"94c9ad6c3539b8cd4cf6beb2ce1a4959713d2cfe","test/widgets/promotion_request_sheet_test.dart","499","KUB8","test-fixture-or-assertion"
"94c9ad6c3539b8cd4cf6beb2ce1a4959713d2cfe","test/widgets/promotion_request_sheet_test.dart","504","KUB8","test-fixture-or-assertion"
"94c9ad6c3539b8cd4cf6beb2ce1a4959713d2cfe","test/widgets/promotion_request_sheet_test.dart","532","KUB8","test-fixture-or-assertion"
"94c9ad6c3539b8cd4cf6beb2ce1a4959713d2cfe","test/widgets/promotion_request_sheet_test.dart","537","KUB8","test-fixture-or-assertion"
"94c9ad6c3539b8cd4cf6beb2ce1a4959713d2cfe","test/widgets/promotion_request_sheet_test.dart","540","KUB8","test-fixture-or-assertion"
"94c9ad6c3539b8cd4cf6beb2ce1a4959713d2cfe","test/widgets/promotion_request_sheet_test.dart","546","KUB8","test-fixture-or-assertion"
"94c9ad6c3539b8cd4cf6beb2ce1a4959713d2cfe","test/widgets/spatial/artwork_spatial_archive_section_test.dart","55","reward","test-fixture-or-assertion"
"94c9ad6c3539b8cd4cf6beb2ce1a4959713d2cfe","test/widgets/wallet_transaction_card_test.dart","127","KUB8","test-fixture-or-assertion"
"94c9ad6c3539b8cd4cf6beb2ce1a4959713d2cfe","test/widgets/wallet_transaction_card_test.dart","134","KUB8","test-fixture-or-assertion"
"94c9ad6c3539b8cd4cf6beb2ce1a4959713d2cfe","test/widgets/wallet_transaction_card_test.dart","135","KUB8","test-fixture-or-assertion"
"94c9ad6c3539b8cd4cf6beb2ce1a4959713d2cfe","test/widgets/wallet_transaction_card_test.dart","166","KUB8","test-fixture-or-assertion"
"94c9ad6c3539b8cd4cf6beb2ce1a4959713d2cfe","test/widgets/wallet_transaction_card_test.dart","193","KUB8","test-fixture-or-assertion"
